,Name,Rating,Review Count,Price,Address
0,Hammerheads,4.5,1323,$$,"921 Swan St, Louisville, KY 40204"
1,The Eagle,4.5,1507,$$,"1314 Bardstown Rd, Louisville, KY 40204"
2,Doc Crow's,4.0,2017,$$,"127 W Main St, Louisville, KY 40202"
3,North of Bourbon,4.5,132,$$,"935 Goss Ave, Louisville, KY 40217"
4,Oliver's Chop House & Bourbon Bar,4.5,3,,"4520 Poplar Level Rd, Derby City Gaming Hotel, Louisville, KY 40213"
5,Copper & Kings Rooftop Bar & Restaurant,4.5,118,$$,"1121 E Washington St, Copper and Kings, Louisville, KY 40206"
6,Decade Restaurant,5.0,4,,"1076 E. Washington, St 40206, Louisville, KY 40202"
7,Lou Lou on Market,4.5,55,,"812 E Market St, Louisville, KY 40206"
8,Perso,4.5,52,$$,"741 E Oak St, Louisville, KY 40203"
9,The Fat Lamb,4.5,300,$$$,"2011 Grinstead Dr, Ste 104, Louisville, KY 40204"
10,Nami Modern Korean Steakhouse,4.5,31,,"835 E Main St, Louisville, KY 40206"
11,Toasty's Tavern,4.5,146,$,"1258 S Shelby St, Louisville, KY 40203"
12,In Season,5.0,76,$$,"324 W Main St, Louisville, KY 40202"
13,Porch Kitchen & Bar,4.0,514,$$,"280 W Jefferson St, Louisville, KY 40202"
14,Sidebar At Whiskey Row,4.5,781,$$,"129 N 2nd St, Louisville, KY 40202"
15,Repeal Oak-Fired Steakhouse,4.5,365,$$$,"101 West Main St, Louisville, KY 40202"
16,La Bodeguita de Mima,4.5,670,$$,"725 E Market St, Louisville, KY 40202"
17,Louisville StrEatery,4.5,33,$$,"304 W Woodlawn Ave, Louisville, KY 40214"
18,CC's Kitchen,4.0,146,$$,"651 South 4th Street, Louisville, KY 40203"
19,Bourbon Craft House,4.5,2,,"937 Phillips Ln, Louisville, KY 40209"
20,The Black Italian,4.5,18,,"2009 Highland Ave, Louisville, KY 40204"
21,Oskar's Slider Bar,4.5,285,$$,"3799 Poplar Level Rd, Louisville, KY 40213"
22,The Village Market Food Hall,4.5,15,,"712 Brent Street, Louisville, KY 40204"
23,Against The Grain Public House ,4.0,1259,$$,"401 E Main St, Louisville, KY 40202"
24,Louie's Hot Chicken & Barbecue,4.5,275,$$,"4222 Poplar Level Rd, Louisville, KY 40213"
25,GOGi 1055 Korean BBQ,4.5,143,$$$,"1055 Bardstown Rd, Louisville, KY 40204"
26,Kebab house,5.0,25,,"969 Baxter Ave, Louisville, KY 40204"
27,610 Magnolia,4.5,213,$$$$,"610 W Magnolia Ave, Louisville, KY 40208"
28,Monnik Beer,4.5,452,$$,"1036 E Burnett Ave, Louisville, KY 40217"
29,Nic & Norman's,4.5,2,,"108 W Washington St, Louisville, KY 40202"
30,Paseo,4.0,1,,"900 Baxter Ave, Louisville, KY 40204"
31,Ramen House,4.5,362,$$,"1250 Bardstown Rd, Ste 17A, Louisville, KY 40204"
32,Mochi Dog,4.0,14,,"304 W Woodlawn Ave, Louisville, KY 40214"
33,Yummy Pollo,4.5,631,$,"4222-B Bishop Ln, Louisville, KY 40218"
34,21st In Germantown ,4.0,86,$$,"1481 S Shelby St, Louisville, KY 40217"
35,Big Bad Breakfast - Barret Ave ,4.0,341,$$,"984 Barret Ave, Louisville, KY 40204"
36,Biscuit Belly - Nulu,4.5,675,$$,"900 E Main St, Louisville, KY 40206"
37,Wiltshire On Market,4.5,93,$$,"636 E Market St, Louisville, KY 40202"
38,Four Pegs,4.0,428,$$,"1053 Goss Ave, Louisville, KY 40217"
39,LouVino - Highlands,4.5,456,$$,"1606 Bardstown Rd, Louisville, KY 40205"
40,Haymarket by Ashbourne Farms,4.0,11,,"3020 River Rd, Louisville, KY 40207"
41,Jack Fry's,4.5,634,$$$,"1007 Bardstown Rd, Louisville, KY 40204"
42,Wild Eggs,4.5,1330,$$,"121 S Floyd St, Louisville, KY 40202"
43,Lupo,4.5,255,$$,"1540 Frankfort Ave, Louisville, KY 40206"
44,Naïve Kitchen + Bar,4.5,364,$$,"1001 E Washington St, Louisville, KY 40206"
45,District 6,4.5,299,$$,"3930 Shelbyville Rd, Louisville, KY 40207"
46,bar Vetti,4.5,271,$$$,"727 E Market St, Louisville, KY 40202"
47,Against The Grain Brewery & Public House - HIGHLANDS,4.0,79,$$,"1576 Bardstown Rd, Louisville, KY 40205"
48,Sarino,4.0,256,$$,"1030 Goss Ave, Louisville, KY 40217"
49,South Seas,4.5,49,,"1301 Story Ave, Louisville, KY 40206"
50,The Smokery,4.5,34,$$,"2354 Frankfort Ave, Louisville, KY 40206"
51,New Wave Burritos,4.0,338,$$,"3311 Preston Hwy, Louisville, KY 40213"
52,Chik'n & Mi,4.5,442,$$,"1765 Mellwood Ave, Louisville, KY 40206"
53,Mussel and Burger Bar Downtown,4.5,1120,$$,"113 S 7th St, Louisville, KY 40202"
54,Goodbounce Pickleball Yard,5.0,2,$$,"1515 River Shore Dr, Louisville, KY 40206"
55,Merle's Whiskey Kitchen,4.0,729,$$,"122 W Main St, Louisville, KY 40202"
56,The Post,4.0,620,$$,"1045 Goss Ave, Louisville, KY 40217"
57,Red Hog Restaurant,4.5,110,$$,"2622 Frankfort Ave, Louisville, KY 40206"
58,Cast Iron Steakhouse,4.0,294,$$,"1207 E Market St, Jeffersonville, IN 47130"
59,Fork & Barrel,4.0,231,$$,"1722 Frankfort Ave, Louisville, KY 40206"
60,Noche Mexican BBQ,4.0,464,$$,"1838 Bardstown Rd, Ste 100, Louisville, KY 40205"
61,African Best Restaurant,5.0,5,,"7325 St Andrews Church Rd, Louisville, KY 40214"
62,Proof on Main,4.0,930,$$$,"702 West Main St, Louisville, KY 40202"
63,The Table,5.0,141,$,"1800 Portland Ave, Louisville, KY 40203"
64,Nostalgic,3.5,47,,"1306 Bardstown Rd, Louisville, KY 40204"
65,Six Forks Burger,4.5,177,$$,"1039 Ash St, Louisville, KY 40217"
66,Wild Swann Restaurant,4.0,25,,"601 W Main St, Louisville, KY 40202"
67,Swizzle Dinner & Drinks,4.0,191,,"140 N Fourth St, Fl 25, Louisville, KY 40202"
68,Troll Pub Under the Bridge,4.0,730,$$,"150 W Washington St, Louisville, KY 40202"
69,Railbirds Hot Chicken,4.5,2,,"4520 Poplar Level Rd, Louisville, KY 40213"
70,Old Louisville Tavern,4.0,201,$$,"1532 S 4th St, Louisville, KY 40208"
71,Vietnam Kitchen,4.5,602,$$,"5339 Mitscher Ave, Louisville, KY 40214"
72,Morning Fork,4.5,204,$$,"1722 Frankfort Ave, Louisville, KY 40206"
73,Brendon's Catch 23,4.0,392,$$$,"505 S 4th St, Louisville, KY 40202"
74,80/20 @ Kaelin's,3.5,316,$$,"1801 Newburg Rd, Louisville, KY 40205"
75,Harry's Taphouse & Kitchen,4.5,115,$$,"130 W Riverside Dr, Jeffersonville, IN 47130"
76,La Terraza,4.5,26,$$,"654 S 4th St, Louisville, KY 40202"
77,King Buffet,3.0,21,,"3020 Bardstown Rd, Louisville, KY 40205"
78,Royals Hot Chicken,4.5,949,$$,"736 E Market St, Louisville, KY 40202"
79,Good Belly Sandwich Shop,4.5,15,,"2216 Dundee Rd, Louisville, KY 40205"
80,Mirage Mediterranean Restaurant,4.5,307,$$,"4100 Preston Hwy, Louisville, KY 40213"
81,Union Restaurant & GameYard,4.0,149,$$,"115 W Chestnut St, Jeffersonville, IN 47130"
82,The Goose Eatery & Hangout,5.0,4,,"812 Lyndon Ln, Unit 105, Lyndon, KY 40222"
83,Guacamole Modern Mexican,4.5,211,,"900 E Market St, Louisville, KY 40206"
84,OhChae Korean Fusion Cuisine,5.0,5,,"216 Pearl St, New Albany, IN 47150"
85,La Chasse,4.5,157,$$$,"1359 Bardstown Rd, Louisville, KY 40204"
86,The GRÜV Sports Bar & Lounge,4.0,46,,"434 W Market St, Louisville, KY 40202"
87,The Manhattan Project,4.0,201,$$,"2101 Frankfort Ave, Louisville, KY 40206"
88,Doc's Bourbon Room,4.5,52,$$,"129 W Main St, Louisville, KY 40202"
89,Thai Noodles,4.5,229,$,"5800 Preston Hwy, Louisville, KY 40219"
90,The Silver Dollar,4.0,838,$$,"1761 Frankfort Ave, Louisville, KY 40206"
91,Garage Bar,4.0,658,$$,"700 E Market St, Louisville, KY 40202"
92,Zanzabar,4.5,211,$$,"2100 S Preston St, Louisville, KY 40217"
93,Gralehaus,4.5,437,$$,"1001 Baxter Ave, Louisville, KY 40204"
94,River House,4.0,587,$$$,"3015 River Rd, Louisville, KY 40207"
95,Str8 Drop,5.0,4,,"304 W Woodlawn Ave, Louisville, KY 40214"
96,Maya Bagel Express,4.5,70,$,"3029 Poplar Level Rd, Louisville, KY 40217"
97,Craft House Pizza - Preston Hwy,3.5,26,,"4041 Preston Hwy, Louisville, KY 40213"
98,Neighborhood Services,3.5,127,$$,"400 S 2nd St, Louisville, KY 40202"
99,Come Back Inn,4.0,254,$$,"909 Swan St, Louisville, KY 40204"
100,Agave & Rye - Louisville,4.0,482,$$,"426 Baxter Ave, Louisville, KY 40204"
101,Buck's Restaurant & Bar,4.5,240,$$$,"425 W Ormsby Ave, Louisville, KY 40203"
102,Hillcrest Tavern,4.5,109,$$,"3212 Frankfort Ave, Louisville, KY 40206"
103,Parlour - Downtown Louisville,4.0,71,$$,"133 West Liberty St, Louisville, KY 40202"
104,Smor Nordic Bakeri,5.0,24,,"1001 Trevilian Way, Louisville, KY 40213"
105,Southern Restaurant & Lounge,3.5,5,,"301 W Market St, Louisville, KY 40202"
106,Jeff Ruby's Steakhouse - Louisville,4.5,547,$$$$,"325 W Main St, Louisville, KY 40202"
107,Tim Tam,4.5,40,$,"1022 Clarks Ln, Louisville, KY 40217"
108,Happy Belly Bistro,4.5,30,,"1020 E Washington St, Louisville, KY 40204"
109,Senora Arepa,4.5,109,$$,"721 E Market St, Louisville, KY 40202"
110,Foko,4.5,71,,"1001 Logan St, Ste 124, Logan Street Market, Louisville, KY 40204"
111,Sarang,4.5,207,$$,"1908 Eastern Pkwy, Louisville, KY 40204"
112,Le Moo,4.0,855,$$$,"2300 Lexington Rd, Louisville, KY 40206"
113,A Toda Madre,4.5,13,,"2100 E Spring St, New Albany, IN 47150"
114,Sarap Filipino Eatery,3.5,15,,"712 Brent St, Louisville, KY 40204"
115,Ciao Ristorante,4.0,283,$$,"1201 Payne St, Louisville, KY 40204"
116,Parlour on Frankfort,4.5,89,$$,"2636 Frankfort Ave, Louisville, KY 40206"
117,Dasha Barbour's,3.5,69,$$,"217 E Main St, Louisville, KY 40202"
118,Daisuki Sushi,4.5,13,,"1604 Bardstown Rd, Louisville, KY 40205"
119,Derby City Pizza Co.,4.0,126,$,"2500 Crittenden Dr, Louisville, KY 40217"
120,La Cabanita,4.0,1,,"4900 Poplar Level Rd, Louisville, KY 40219"
121,Daryk's,4.5,2,,"1154 Logan St, Louisville, KY 40204"
122,Brazeiros Churrascaria - Brazilian Steakhouse,4.0,273,$$$,"450 S 4th St, Louisville, KY 40202"
123,Open Caribbean Kitchen,4.5,35,,"4735 Poplar Level Rd, Ste 1, Louisville, KY 40213"
124,OUTCAST Fish and Oyster  Bar,4.0,6,,"207 E Main St, New Albany, IN 47150"
125,On The Rocks Burgers & Bar,3.5,10,$$,"601 W Riverside Dr, Jeffersonville, IN 47130"
126,Feast BBQ,4.0,1013,$$,"909 E Market St, Ste 100, Louisville, KY 40206"
127,The B.A. Colonial,4.0,54,$$,"818 W Kenwood Dr, Louisville, KY 40214"
128,Iron Quarter,4.0,5,,"400 S 2nd St, Louisville, KY 40202"
129,Grind Burger Kitchen,4.0,703,$$,"829 E Market St, Louisville, KY 40206"
130,La Suerte Louisville,4.5,100,$$,"2116 Bardstown Rd, Louisville, KY 40205"
131,Dragon King's Daughter,4.0,587,$$,"1543 Bardstown Rd, Louisville, KY 40204"
132,Mi Casita on 4th,4.0,233,$$,"520 S 4th St, Ste 100, Louisville, KY 40202"
133,Bob's Steak & Chop House,4.0,113,$$$,"400 S 2nd St, Louisville, KY 40202"
134,Pearl Street Taphouse,4.5,154,$$,"407 Pearl St, Jeffersonville, IN 47130"
135,Matt Winn's Steakhouse,4.5,48,$$$$,"750 Central Ave, Louisville, KY 40208"
136,The Red Yeti,4.0,500,$$,"256 Spring St, Jeffersonville, IN 47130"
137,Mayan Cafe,4.5,864,$$,"813 E Market St, Louisville, KY 40206"
138,Guy Fieri's Smokehouse,3.0,776,$$,"434 South 4th St, Louisville, KY 40202"
139,Galaxie,4.5,172,$$,"732 E Market St, Louisville, KY 40202"
140,Eden & Kissi,4.5,104,,"3912 Bardstown Rd, Louisville, KY 40218"
141,Mr Hot Dog,4.0,1,,"6714 Outer Loop, Louisville, KY 40228"
142,Sapporo Japanese Grill and Sushi,4.0,431,$$,"1706 Bardstown Rd, Louisville, KY 40205"
143,El Mundo,4.0,57,,"1767 Bardstown Rd, Louisville, KY 40205"
144,Fresh Out the Box,4.0,29,$,"1001 Logan St, Ste 125, Louisville, KY 40204"
145,Upland Brewing - Jeffersonville,3.5,139,$$,"707 W Riverside Dr, Jeffersonville, IN 47130"
146,Sway,3.5,178,$$,"311 S 4th St, Louisville, KY 40202"
147,Classico Takeout & Empanadas,5.0,17,,"104 S Preston St, Louisville, KY 40202"
148,The Exchange Pub + Kitchen,4.5,530,$$,"118 W Main St, New Albany, IN 47150"
149,Blue Bay Seafood & Sushi Restaurant,4.0,5,,"4322 Poplar Level Rd, Louisville, KY 40213"
150,Cottage Inn,4.0,113,$,"570 Eastern Pkwy, Louisville, KY 40217"
151,The Hub Louisville,4.0,308,$$,"2235 Frankfort Ave, Louisville, KY 40206"
152,Lee's Korean Restaurant,4.5,163,$$,"1941 Bishop Ln, Ste 107, Louisville, KY 40218"
153,River City Drafthouse,4.0,140,$,"1574 Bardstown Rd, Louisville, KY 40205"
154,Blue Horse,3.0,121,$$,"830 Phillips Ln, Louisville, KY 40209"
155,Simply Mediterranean,5.0,28,,"2900 Brownsboro Rd, Louisville, KY 40206"
156,The Fish House/Cafe Beignet,4.5,336,$,"1310 Winter Ave, Louisville, KY 40204"
157,PokeHana,4.5,121,$,"436 W Market St, Louisville, KY 40202"
158,The Palm Room,5.0,6,$,"1821 W Jefferson St, Louisville, KY 40203"
159,Chef Shaqs Kitchen,4.5,31,,"612 S 5th St, Louisville, KY 40202"
160,Book and Bourbon Southern Kitchen,3.5,80,$$,"600 Terminal Dr, Louisville, KY 40209"
161,City Barbeque,3.5,20,$$,"4027 Poplar Level Rd, Louisville, KY 40213"
162,Silvio's,4.5,318,$$,"104 Fairfax Ave, Louisville, KY 40207"
163,Barrel Bar and Grill,3.5,21,,"110 W Main St, Louisville, KY 40202"
164,Daddy Vic's Soul Food,5.0,7,,"4444 Cane Run Rd, Louisville, KY 40216"
165,Kabuki Hibachi & Ramen,4.0,13,$$,"253 Spring St, Jeffersonville, IN 47130"
166,Number 15,3.0,10,,"121 W Main St, Louisville, KY 40202"
167,Bandido Taqueria Mexicana,4.5,384,$$,"423 University Blvd, Louisville, KY 40217"
168,Safier Mediterranean Deli,4.5,396,$$,"641 S 4th St, Louisville, KY 40202"
169,Havana Rumba & Tapas Bar,4.5,442,$$,"2210 Bardstown Rd, Louisville, KY 40205"
170,ROC Restaurant,4.0,218,$$,"1327 Bardstown Rd, Louisville, KY 40204"
171,Taqueria Los Gorditos,4.5,22,,"2017 Brownsboro Rd, Louisville, KY 40206"
172,Emmy Squared Pizza - Nulu  Louisville,4.0,223,$$,"825 E Market St, Louisville, KY 40206"
173,Steak & Bourbon,4.5,345,$$$,"1321 Herr Ln, Ste 130, Louisville, KY 40222"
174,BACKSIDE at Whiskey Row,4.5,6,,"108 W Washington St, Louisville, KY 40202"
175,The Seafood Lady,3.5,115,$$,"601 E Jefferson St, Louisville, KY 40202"
176,Haitian Exotica,0.0,0,,"615 Baxter Ave, Louisville, KY 40204"
177,Down One Bourbon Bar,3.5,295,$$,"321 W Main St, Louisville, KY 40202"
178,Bred And Bourbon,5.0,1,,"101 W Muhammad Ali Blvd, Louisville, KY 40202"
179,Jerusalem Kitchen,4.5,104,$$,"4413 Saint Rita Dr, Louisville, KY 40219"
180,Hollys Pour House,4.5,18,$,"907 Ulrich Ave, Louisville, KY 40219"
181,Union 15,4.0,114,$$,"816 W Kenwood Dr, Louisville, KY 40214"
182,Caribbean Cafe,4.5,56,$,"317 W Woodlawn Ave, Louisville, KY 40214"
183,Full Stop,4.5,87,,"1132 E St Catherine St, Louisville, KY 40204"
184,Syrian Grill,4.5,49,,"3325 Bardstown Rd, Louisville, KY 40218"
185,Lil Wagner's,3.5,3,,"4520 Poplar Level Rd, Derby City Gaming Hotel, Louisville, KY 40213"
186,Happy Belly Waterside,4.5,2,,"1515 River Shore Dr, Louisville, KY 40206"
187,Falls City Market,4.5,67,$$,"400 S 2nd St, Louisville, KY 40202"
188,The Fish house &Grill,5.0,3,,"2124 W Broadway, Louisville, KY 40211"
189,Rubbies Barbeque & Brew,4.0,130,$$,"6905 Southside Dr, Louisville, KY 40214"
190,Brooklyn and The Butcher,4.0,248,$$$,"148 E Market St, New Albany, IN 47150"
191,A Chau Restaurant,4.5,108,$,"5103 South 3rd St, Louisville, KY 40214"
192,Uptown Cafe,4.0,125,$$,"1624 Bardstown Rd, Louisville, KY 40205"
193,Orange Clover Kitchen & More,4.5,88,$$,"590 Missouri Ave, Ste 100, Jeffersonville, IN 47130"
194,Copper & Kings Distillery,4.5,328,$$,"1121 E Washington St, Louisville, KY 40206"
195,Bandido Taqueria Mexicana,4.0,5,,"4214 Shelbyville Rd, Louisville, KY 40207"
196,El Molcajete,4.5,231,$,"2932 S 4th St, Louisville, KY 40208"
197,Haymarket Bistro,4.0,9,$,"300 E Market St, Ste 100A, Louisville, KY 40202"
198,Big Momma's Soul Kitchen,4.0,50,$,"1213 S 28th St, Louisville, KY 40211"
199,Losers 812,4.0,8,,"1005 W Market St, Jeffersonville, IN 47130"
200,The Joy Luck,4.0,404,$$,"1285 Bardstown Rd, Louisville, KY 40204"
201,Shirley Mae's Café,4.5,175,$,"802 S Clay St, Louisville, KY 40203"
202,Check's Cafe,4.0,197,$,"1101 E Burnett Ave, Louisville, KY 40217"
203,Pho Ba Luu,4.0,332,$$,"1019 E Main St, Louisville, KY 40206"
204,Zombie Taco,3.5,103,,"100 W Washington St, Unit 101, Louisville, KY 40202"
205,40 Acres & A Mule,4.0,10,,"1800 Dixie Hwy, Louisville, KY 40210"
206,Wild Burger,4.0,3,,"1100 Trevilian Way, Louisville, KY 40213"
207,Las Cazuelas Mexican Cuisine,4.5,78,$$,"4214 Bishop Ln, Louisville, KY 40218"
208,Bluegrass Brewing Company,3.5,378,$$,"300 W Main St, Louisville, KY 40202"
209,Taco Luchador,4.5,902,$$,"938 Baxter Ave, Louisville, KY 40204"
210,Fire Oven Pizza,4.5,55,$,"2801 Packerland Way, Ste 3, Louisville, KY 40213"
211,Main Eatery,4.5,81,$,"643 W Main St, Louisville, KY 40202"
212,Dundee Tavern,3.5,175,$$,"2224 Dundee Rd, Louisville, KY 40205"
213,Mojito in Havana,4.5,149,$$,"3939 Shelbyville Rd, Ste 103, Louisville, KY 40207"
214,Sweet Havana ,4.5,62,$,"5510 Fern Valley Rd, Ste 101, Louisville, KY 40228"
215,Yummi Yummi Sushi Restaurant,4.0,19,,"7131 Southside Dr, Louisville, KY 40214"
216,Zini Louisville,5.0,1,,"1032 Story Ave, Louisville, KY 40206"
217,Ramsi's Cafe On The World,4.0,652,$$,"1293 Bardstown Rd, Louisville, KY 40204"
218,Jamaican Jerk Center,4.5,10,,"2220 Hikes Ln, Louisville, KY 40218"
219,El Nopal Mexican Cuisine,4.5,9,,"2745 Crittenden Dr, Louisville, KY 40209"
220,The Seafood Lady,3.0,102,,"3201 Fern Valley Rd, Ste 113, Louisville, KY 40213"
221,"H.M. Franks, an O'Shea's Pub",4.5,114,$$,"355 Spring St, Jeffersonville, IN 47130"
222,Pints & Union,4.5,84,$$,"114 E Market St, New Albany, IN 47150"
223,Lucky Burrito,4.0,33,,"2118 Bardstown Rd, Louisville, KY 40205"
224,The Capital Grille,4.0,55,,"7600 Shelbyville Rd, Louisville, KY 40222"
225,Coconut Beach Tacos & Cerveza,4.0,88,$,"2787 S Floyd St, Louisville, KY 40209"
226,Sankalp Louisville,4.5,10,,"9008 Taylorsville Rd, Louisville, KY 40299"
227,Melt 502,4.0,28,$,"6318 Bardstown Rd, Louisville, KY 40291"
228,Cheezmageddon,5.0,4,,"951 E Lewis And Clark Pkwy, Clarksville, IN 47129"
229,Swampwater Jack's,4.0,1,,"937 Phillips Ln, Louisville, KY 40209"
230,Daisuki Sushi,4.5,30,,"1001 Logan St, Louisville, KY 40204"
231,Game,4.5,432,$$,"2295 Lexington Rd, Louisville, KY 40206"
232,Suburban Fish Fry,4.5,35,$,"3901 S 3rd St, Louisville, KY 40214"
233,Condado Tacos,3.5,37,$$,"7900 Shelbyville Rd, Ste G20, Louisville, KY 40222"
234,Time 4 Thai,4.0,293,$$,"2206 Frankfort Ave, Louisville, KY 40206"
235,Hooked on Frankfort,3.5,73,$$,"3200 Frankfort Ave, Louisville, KY 40206"
236,Burger Boy Diner,3.5,283,$,"1450 S Brook St, Louisville, KY 40208"
237,Silly Axe Cafe,4.5,94,$$,"1001 Logan St, Louisville, KY 40205"
238,Kum's Cafe & Arirang,4.5,96,$$,"4544 Poplar Level Rd, Louisville, KY 40213"
239,Dragon King's Daughter Osaka Snack Bar,4.0,10,$,"Louisville, KY 40201"
240,Volare Italian Ristorante,4.5,387,$$$,"2300 Frankfort Ave, Louisville, KY 40206"
241,Taco City Louisville,4.0,194,$,"1283 Bardstown Rd, Louisville, KY 40204"
242,Old Seelbach Bar,3.5,110,$$,"500 S 4th St, Louisville, KY 40202"
243,Parlour,4.0,293,$$,"131 W Chestnut St, Jeffersonville, IN 47130"
244,Black Olive Italian Grill,2.5,25,,"2745 Crittenden Dr, Louisville, KY 40209"
245,Dragon King's Daughter,4.5,277,$$,"129 W Market St, New Albany, IN 47150"
246,Grassa Gramma,4.0,410,$$$,"2210 Holiday Manor Ctr, Louisville, KY 40222"
247,Asian Pot,4.0,73,$,"2801 Packerland Way, Ste 100, Louisville, KY 40213"
248,Eatz Vietnamese Restaurant,4.5,167,$$,"2244 Frankfort Ave, Louisville, KY 40206"
249,El Mundo,4.0,380,$$,"2345 Frankfort Ave, Louisville, KY 40206"
250,Los Aztecas Mexican Restaurant ,4.0,58,$$,"445 E Market St, Ste 110, Louisville, KY 40202"
251,Torino's Sandwich Bar,4.0,39,$$,"821 E Market St, Ste 101, Louisville, KY 40206"
252,The Café,4.0,503,$$,"731 Brent St, Ste 102, Louisville, KY 40204"
253,8UP Elevated Drinkery & Kitchen,3.0,474,$$,"350 W Chestnut St, Louisville, KY 40202"
254,Papucho's,5.0,3,,"246 Spring St, G, Jeffersonville, IN 47130"
255,Ovrdrive,4.5,42,,"112 W Jefferson St, Louisville, KY 40202"
256,Hi-Five Doughnuts,4.5,273,$,"1011 E Main St, Louisville, KY 40206"
257,Guy Fieri's Flavortown Kitchen,5.0,1,,"Louisville, KY 40220"
258,Seviche A Latin Restaurant,4.5,336,$$$,"1538 Bardstown Rd, Louisville, KY 40205"
259,Metro Diner,4.0,366,$$,"4901 Outer Lp, Ste 100, Louisville, KY 40219"
260,Geraldines Kitchen,4.0,100,$,"402 Wall St, Jeffersonville, IN 47130"
261,Scene at The Center,3.5,21,$$,"501 West Main St, Louisville, KY 40202"
262,Wiltshire Pantry Bakery and Café - Downtown,4.5,16,,"605 W Main St, Louisville, KY 40202"
263,Pat's Steak House,3.0,163,$$$,"2437 Brownsboro Rd, Louisville, KY 40206"
264,Bistro 634,4.5,6,$$,"234 E Gray St, Ste 162, Louisville, KY 40202"
265,Bae's Baekery,5.0,37,,"1804 Frankfort Ave, Louisville, KY 40206"
266,Chili's,3.0,54,$$,"3007 Poplar Level Rd, Louisville, KY 40217"
267,Kern's Korner,4.5,41,$,"2600 Bardstown Rd, Louisville, KY 40205"
268,Lucretia's Kitchen,4.0,43,$$,"1812 W Muhammad Ali Blvd, Louisville, KY 40203"
269,Jaggers,4.0,143,$,"6464 Dutchmans Pkwy, Louisville, KY 40205"
270,The Yellow Cactus,3.0,8,,"2350 Frankfort Ave, Louisville, KY 40206"
271,Bourbon Bent  BBQ,4.5,13,$,"Louisville, KY 40206"
272,Boomtown Kitchen,4.0,74,$$,"114 E Main St, New Albany, IN 47150"
273,Elk Run Grill,4.5,2,,"1820 Charlestown Pike, Jeffersonville, IN 47130"
274,Koreana Restaurant III,4.0,159,$$,"5009 Preston Hwy, Louisville, KY 40213"
275,Longshot Lobsta,4.0,42,$$,"Louisville, KY 40202"
276,Ada’s Kitchen,4.5,21,$,"214 W Broadway, Louisville, KY 40202"
277,MozzaPi,3.5,11,,"1020 E Washington St, Louisville, KY 40206"
278,Wologisi Restaurant,4.5,23,,"3707 Klondike Ln, Louisville, KY 40218"
279,Wagner's Pharmacy,3.5,176,$,"3113 S 4th St, Louisville, KY 40214"
280,Aladdin's,4.5,136,$,"37 Bank St, Ste 2, New Albany, IN 47150"
281,The House of Tortilla and snacks,5.0,1,,"5211 Preston Hwy, Louisville, KY 40213"
282,La Guanaquita,4.5,44,$,"4231 Taylor Blvd, Louisville, KY 40215"
283,Shiraz Mediterranean Grill,4.0,159,$$,"3501 Poplar Level Rd, Louisville, KY 40213"
284,Deapster 502,4.5,2,,"1001 Logan St, Louisville, KY 40204"
285,Daisy's Breakfast Tacos,5.0,4,,"1ST And Main St, Louisville, KY 40202"
286,Louisville Thoroughbred Society,5.0,4,,"209 E Main St, Ste 200, Louisville, KY 40202"
287,Cuban Restaurant And Bakery,5.0,10,,"5614 Preston Hwy, Louisville, KY 40219"
288,Glow Worm Play Cafe,5.0,11,,"962 Barret Ave, Louisville, KY 40204"
289,Garrison World Famous Southern BBQ,3.5,5,,"1125 Bardstown Rd, Louisville, KY 40204"
290,Cuban Food,5.0,12,,"5614 Preston Hwy, Louisville, KY 40213"
291,Double Dragon,4.0,93,$,"1255 Goss Ave, Louisville, KY 40217"
292,Sicilian Pizza & Pasta,3.5,285,$$,"627 S 4th St, Louisville, KY 40202"
293,Walker's Exchange,3.0,79,$$,"140 N 4th St, Fl 2, The Galt House Hotel, Louisville, KY 40202"
294,Sam's Seafood & Grill,4.5,7,,"4918 Poplar Level Rd, Louisville, KY 40219"
295,Common Table,5.0,1,,"2234 W Market St, Louisville, KY 40212"
296,Franco's Restaurant and Catering,4.0,70,$$,"3300 Dixie Hwy, Louisville, KY 40216"
297,I Love Tacos,4.0,85,$,"1534 Bardstown Rd, Louisville, KY 40205"
298,Goodfellas Pizzeria - Baxter Ave.,4.0,88,,"642 Baxter Ave, Unit 102, Louisville, KY 40204"
299,Panera Bread,3.5,56,$$,"3131 Poplar Level Rd, Louisville, KY 40213"
300,211 Clover Lane,4.0,56,$$$$,"211 Clover Ln, Louisville, KY 40207"
301,Afrokanza Lounge,1.0,1,,"1578 Bardstown Rd, Louisville, KY 40205"
302,Highland Morning,4.0,495,$$,"1416 Bardstown Rd, Louisville, KY 40204"
303,Bellissimo restaurant,4.5,3,,"2217 Steier Ln, Louisville, KY 40218"
304,Kem's Restaurant,3.0,1,,"447 Farmington Ave, Louisville, KY 40208"
305,Bistro Le Relais,4.0,98,$$$,"2817 Taylorsville Rd, Louisville, KY 40205"
306,Derby Cafe,3.5,35,$$,"704 Central Ave, Kentucky Derby Museum, Louisville, KY 40208"
307,Sanag,4.5,3,,"5312 S 3rd St, Louisville, KY 40214"
308,Big Hopp's Southern Eatery,4.5,7,,"2913 Dixie Hwy, Shively, KY 40216"
309,Vincenzo's,3.5,287,$$$,"150 S 5th St, Louisville, KY 40202"
310,Varanese,4.0,276,$$$,"2106 Frankfort Ave, Louisville, KY 40206"
311,Blue Dog Bakery & Cafe,4.5,324,$$,"2868 Frankfort Ave, Louisville, KY 40206"
312,"Momma's Mustard, Pickles & BBQ",4.5,843,$$,"102 Bauer Ave, Louisville, KY 40207"
313,Pho Cafe,4.5,202,$$,"1704 Bardstown Rd, Louisville, KY 40205"
314,El Taco Loco,5.0,54,$,"5622 Preston Hwy, Louisville, KY 40219"
315,Jimmy's On the River,0.0,0,,"101 E Riverside Dr, Jeffersonville, IN 47130"
316,Corner Flavors of Kentucky,3.5,67,$$,"102 W Main St, Louisville, KY 40202"
317,The Back Door,4.0,247,$$,"1250 Bardstown Rd, Louisville, KY 40204"
318,Porcini,4.0,181,$$$,"2730 Frankfort Ave, Louisville, KY 40206"
319,The Old Spaghetti Factory,3.0,447,$$,"235 W Market St, Louisville, KY 40202"
320,Kathmandu Kitchen & Bar,4.5,191,$$,"3825 Bardstown Rd, Ste 108, Louisville, KY 40218"
321,Noosh Nosh,4.0,200,$$,"4816 Brownsboro Ctr, Louisville, KY 40207"
322,Wacky Willy's,3.5,4,$,"4220 Bardstown Rd, Louisville, KY 40218"
323,Jersey Mike's Subs,4.0,14,,"3013 Poplar Level Rd, Louisville, KY 40217"
324,Wacky Nachos,5.0,2,,"2602 Charlestown Rd, New Albany, IN 47150"
325,Chinese Chef,4.5,18,$,"2619 S 4th St, Louisville, KY 40208"
326,Sam's Gyros,4.5,76,$,"3123 S 2nd St, Louisville, KY 40208"
327,Soul Food Dining,4.0,5,,"4900 Poplar Level Rd, Louisville, KY 40219"
328,China One,4.0,107,$,"816 Eastern Pkwy, Louisville, KY 40217"
329,Bunz Burgerz,4.0,222,$,"712 Brent St, Louisville, KY 40204"
330,Back Deck BBQ,4.5,89,$$,"801 W Kenwood Dr, Louisville, KY 40214"
331,Mi Sueño Cuban Express,4.5,93,$,"3425 Bardstown Rd, Louisville, KY 40218"
332,Kingfish,2.5,163,$$,"601 W Riverside Dr, Jeffersonville, IN 47130"
333,The English Grill,4.5,89,$$$,"335 W Broadway, The Brown Hotel, Louisville, KY 40202"
334,The Ville Grill,4.5,8,$,"300 W Brandeis Ave, Louisville, KY 40292"
335,Tinos Taste of Heaven,0.0,0,,"1800 W Muhammad Ali Blvd, Ste A, Louisville, KY 40203"
336,Made by Mae,5.0,2,,"325 W Cardinal Blvd, Louisville, KY 40208"
337,Kayrouz Cafe,4.5,73,$$,"3801 Willis Ave, Louisville, KY 40207"
338,Carali's Rotisserie Chicken,4.5,41,$$,"642 Baxter Ave, Ste 102-B, Louisville, KY 40204"
339,Con Huevos,4.5,801,$$,"2339 Frankfort Ave, Louisville, KY 40206"
340,Carali's Rotisserie Chicken,4.5,23,,"5439 New Cut Rd, Louisville, KY 40214"
341,Roof Top Grill,3.5,29,$,"414 W Oak St, Louisville, KY 40203"
342,All Thai'd Up,4.0,46,$$,"211 South 5th St, Louisville, KY 40202"
343,Bahn Thai and M,3.5,10,,"2226 Holiday Manor Ctr, Ste 8, Louisville, KY 40222"
344,Summa Dis Summa Dat And More,4.0,2,,"2536 W Jefferson St, Louisville, KY 40212"
345,John O'bryan's Tavern,4.0,27,$,"4123 Flintlock Dr, Louisville, KY 40216"
346,The Indignant Platypus,5.0,2,,"619 Baxter Ave, Louisville, KY 40204"
347,Roof Top Grill,3.5,35,$,"708 Louis Coleman Jr Dr, Louisville, KY 40211"
348,Sweet Peaches,4.5,16,$,"1800 W Muhammed Ali Blvd, Louisville, KY 40203"
349,Floyd County Brewing Company,4.0,221,$$,"129 W Main St, New Albany, IN 47150"
350,Boombozz Taphouse,4.0,198,$$,"1448 Bardstown Rd, Louisville, KY 40204"
351,Potder’s Ping Pong Emporium,5.0,6,,"1127 Logan St, Louisville, KY 40204"
352,Turf Club,4.0,2,$$$,"3123-3199 S 9th St, Louisville, KY 40214"
353,Mesh Louisville,4.0,378,$$,"3608 Brownsboro Rd, Louisville, KY 40207"
354,Magic Dinner & Bourbon,5.0,1,,"Louisville, KY 40204"
355,J. Graham's Cafe,4.0,217,$$,"335 W Broadway, Louisville, KY 40202"
356,Black Jockey’s Lounge,3.5,49,$$,"630 S 4th St, Louisville, KY 40202"
357,Cravings Ala Carte,4.0,22,$,"101 S 5th St, Ste Ll100, National City Tower, Louisville, KY 40202"
358,Hilltop Tavern,4.0,180,$,"1800 Frankfort Ave, Louisville, KY 40206"
359,MrBeast Burger,2.0,20,,"Louisville, KY 40222"
360,Simply Thai,4.0,488,$$,"323 Wallace Ave, Louisville, KY 40207"
361,Recbar 812,4.0,63,$$,"336 Pearl St, New Albany, IN 47150"
362,Parlour - New Albany,4.0,35,,"225 State St, New Albany, IN 47150"
363,Gordon Biersch Brewery Restaurant,3.0,463,$$,"400 S 4th St, Louisville, KY 40202"
364,Mellwood Tavern,4.0,28,$,"1801 Brownsboro Rd, Louisville, KY 40206"
365,Manhattan Deli,3.5,2,$,"200 S 7th St, Ste 170, Louisville, KY 40202"
366,Currito,4.5,40,,"6460 Dutchmans Pkwy, Louisville, KY 40205"
367,Oishii Sushi,4.0,320,$$,"2810 Taylorsville Rd, Louisville, KY 40205"
368,Founders' Cafe,4.5,8,$,"2825 Lexington Rd, Louisville, KY 40280"
369,Riverside Lounge and Cafe,5.0,1,,"700 W Riverside Dr, Jeffersonville, IN 47130"
370,Falafel Oasis,4.0,46,,"226 W Broadway, Louisville, KY 40202"
371,Bigg AL'S Smoked Bar B Q & Catering,0.0,0,,"Louisville, KY 40211"
372,Drake's Hurstbourne,3.5,70,$$,"2651 S Hurstbourne Pkwy, Louisville, KY 40220"
373,Burger Girl Diner,3.5,169,$$,"3344 Frankfort Ave, Louisville, KY 40206"
374,Taco Choza,4.5,330,,"3922 Westport Rd, Louisville, KY 40207"
375,Morton's The Steakhouse,3.5,164,$$$$,"626 W Main, Louisville, KY 40202"
376,Lady Tron's,4.5,68,$,"147 E Market St, New Albany, IN 47150"
377,Pasha's Mediterranean Cafe,4.0,47,$,"3904 Bardstown Rd, Louisville, KY 40218"
378,Mt Fuji,4.0,147,$$,"309 Cardinal Blvd, Louisville, KY 40208"
379,August Moon Chinese Bistro,3.5,142,$$,"2269 Lexington Rd, Louisville, KY 40206"
380,Agave & Rye - New Albany,4.0,141,$$,"324 E Main St, New Albany, IN 47150"
381,Con Huevos Craves,3.5,32,,"210 W Liberty St, Louisville, KY 40202"
382,Get It On A Bun At Booty’s,4.5,30,,"822 State St, New Albany, IN 47150"
383,Asian Wok,4.0,91,$,"2235 Frankfort Ave, Louisville, KY 40206"
384,Tuscany Italian Restaurant,3.5,124,$$,"165 Outer Lp, Ste 118-119, Louisville, KY 40214"
385,Chicago Steak And Lemonade,4.0,26,,"9015 Galene Dr, Louisville, KY 40299"
386,Tim Page's Corner Store,4.5,16,,"2922 Taylor Blvd, Louisville, KY 40208"
387,Wing Zone,3.5,12,,"3505 Poplar Level Rd, Louisville, KY 40213"
388,Southern Hospitality Bar And Grill,5.0,4,,"3402 W Broadway, Louisville, KY 40211"
389,WW Cousins,4.0,14,,"4913 Dixie Hwy, Louisville, KY 40216"
390,Shiraz Mediterranean Grill,4.0,106,$$,"1565 Bardstown Rd, Louisville, KY 40205"
391,The Granville Pub,3.5,101,$,"1601 S 3rd St, Louisville, KY 40208"
392,V-Grits,4.5,277,$$,"1001 Logan St, Ste 123, Louisville, KY 40204"
393,Stevens Deli,4.0,126,$,"1114 Bardstown Rd, Louisville, KY 40204"
394,Bristol Bar & Grille,3.5,176,$$,"614 W Main St, Louisville, KY 40202"
395,Bella Roma,4.0,110,$$,"134 E Market St, New Albany, IN 47150"
396,Taco Luchador,4.0,86,,"5205 New Cut Rd, Louisville, KY 40214"
397,Cold Smoke Bagels,4.5,45,$,"1001 Logan St, Logan Street Market, Louisville, KY 40204"
398,Lonnie's Best Taste of Chicago,4.5,182,$,"121 Saint Matthews Ave, Louisville, KY 40207"
399,Finnegan’s Playhouse,0.0,0,,"601 W Broadway, Louisville, KY 40202"
400,Muscle Monkey Grill,0.0,0,,"987 Barret Ave, Louisville, KY 40204"
401,Banadir Restaurant,5.0,5,,"5600 S 3rd St, Louisville, KY 40214"
402,Bunz Burgerz,4.5,7,,"712 Brent St, The Village Market, Louisville, KY 40204"
403,Roosters,3.5,81,$$,"4420 Dixie Hwy, Ste 101, Louisville, KY 40216"
404,Pier 17 Seafood Dixie,3.5,12,,"5362 Dixie Hwy, Louisville, KY 40216"
405,Virtue,4.0,17,,"1971 Brownsboro Rd, Louisville, KY 40206"
406,The Bard's Town,4.0,74,$$,"1801 Bardstown Rd, Louisville, KY 40205"
407,Funmi's Cafe,4.0,90,$$,"3028 Bardstown Rd, Louisville, KY 40205"
408,Roosters,3.5,104,$$,"7405 Preston Hwy, Louisville, KY 40219"
409,Somewhere Restaurant and Bar,3.5,43,$$,"1135 Bardstown Rd, Louisville, KY 40204"
410,Ramiro's Cantina Express,4.0,56,$$,"253 Spring St, Jeffersonville, IN 47130"
411,Chicago Steak & Lemonade,3.5,11,$,"4501 Cane Run Rd, Louisville, KY 40216"
412,Bristol Bar & Grille,3.5,209,$$,"1321 Bardstown Rd, Louisville, KY 40204"
413,Biscuit Belly -  St  Matthews,4.0,179,$$,"3723 Lexington Rd, Louisville, KY 40207"
414,Mac's @ Milewide,4.0,20,,"636 Barret Ave, Louisville, KY 40204"
415,Roots,4.5,181,$$,"1216 Bardstown Rd, Louisville, KY 40204"
416,La Catrina Mexican Kitchen,4.0,143,$$,"202 E Elm St, New Albany, IN 47150"
417,Bodega Mi Sueno,4.0,29,$,"3646 Mall Rd, Louisville, KY 40218"
418,Please & Thank You - Mark,4.5,538,$,"800 E Market St, Louisville, KY 40206"
419,First Watch,4.0,99,$$,"2225 Taylorsville Rd, Louisville, KY 40205"
420,The Irish Rover,4.0,357,$$,"2319 Frankfort Ave, Louisville, KY 40206"
421,Bean,4.0,92,$,"1138 Goss Ave, Louisville, KY 40217"
422,Highlands Tap Room Grill,4.0,156,$$,"1058 Bardstown Rd, Louisville, KY 40204"
423,Joella's Hot Chicken - St Matthews,4.0,572,$$,"3400 Frankfort Ave, Louisville, KY 40207"
424,Cluckers,3.5,134,$$,"100 W Riverside Dr, Jeffersonville, IN 47130"
425,Heart & Soy,4.5,233,$$,"1216 Bardstown Rd, Louisville, KY 40204"
426,Little Greek,4.0,281,$,"4600 Shelbyville Rd, Ste 402, Louisville, KY 40207"
427,Payne Street Bake House,4.0,128,$,"225 S Spring St, Louisville, KY 40206"
428,Cheddar's Scratch Kitchen,3.0,163,$$,"3521 Outer Lp, Louisville, KY 40219"
429,Daddy Rich's,4.0,38,$,"617 W Oak St, Louisville, KY 40203"
430,Sleepy Rooster Morning Kitchen,4.0,50,$$,"2204 State St, New Albany, IN 47150"
431,Impellizzeri's Pizza,4.0,208,$$,"1381 Bardstown Rd, Louisville, KY 40204"
432,Queen of Sheba,4.5,284,$$,"2804 Taylorsville Rd, Louisville, KY 40257"
433,Big Ben's D & M BBQ,4.5,62,$,"600 Quartermaster Ct, The Depot, Jeffersonville, IN 47130"
434,Ollie's Trolley,4.0,111,$,"978 S 3rd St, Louisville, KY 40203"
435,Southern Express Soul Food,4.0,37,$,"418 W Oak St, Louisville, KY 40203"
436,Week-end Burgers,4.0,29,,"5600 National Turnpike, Louisville, KY 40214"
437,Namnam Cafe,4.0,269,$$,"318 Wallace Ave, St. Matthews, KY 40207"
438,Anoosh Bistro,4.5,128,$$$,"4864 Brownsboro Ctr, Windy Hills, KY 40207"
439,American Smokehouse Stadium,3.5,132,$$,"1000 Auction Ln, Jeffersonville, IN 47130"
440,Oriental Star,4.0,25,$,"4212 Bishop Ln, Louisville, KY 40218"
441,Mark's Feed Store,4.0,420,$$,"1514 Bardstown Rd, Louisville, KY 40205"
442,Green District Salads - Highlands,4.5,59,$$,"1449 Bardstown Rd, Louisville, KY 40204"
443,Bellissimo,4.5,8,,"Louisville, KY 40218"
444,Vinaigrette Salad Kitchen,4.0,5,,"3012 Bardstown Rd, Louisville, KY 40205"
445,Ramble,3.5,11,,"712 Brent St, Louisville, KY 40204"
446,Patrick O’Shea’s,4.0,252,$$,"123 W Main St, Louisville, KY 40202"
447,DiFabio's Casapela,4.0,180,$$,"2311 Frankfort Ave, Louisville, KY 40206"
448,Chez Seneba African Restaurant,4.0,16,$$,"5019 Poplar Level Rd, Louisville, KY 40219"
449,Napa River Grill,4.0,205,$$,"1211 Herr Ln, Louisville, KY 40222"
450,MaShallah African Restaurant,4.5,30,$$,"4109 Bardstown Rd, Ste 104, Louisville, KY 40218"
451,El Nopal,3.5,41,$$,"6521 Paramount Park Dr, Louisville, KY 40213"
452,Las Margaritas,4.0,41,,"307 Central Ave, Louisville, KY 40208"
453,Storming Crab,3.5,52,,"4809 Outer Lp, Louisville, KY 40219"
454,Danny Mac's Pizza,4.5,174,$$,"1860 Mellwood Ave, Louisville, KY 40206"
455,El Nopal,3.0,78,$$,"811 Eastern Pkwy, Louisville, KY 40217"
456,El Molcajete,4.0,50,$,"8106 Preston Hwy, Louisville, KY 40219"
457,Fry Daddy’s,3.5,26,,"1991 Brownsboro Rd, Louisville, KY 40206"
458,Eat A Pita,4.0,224,$$,"2286 Bardstown Rd, Louisville, KY 40205"
459,Alfurat,4.0,7,$,"7319 St Andrews Church Rd, Louisville, KY 40214"
460,Griyo Caribbean Restaurant,1.0,3,,"519 W Oak St, Louisville, KY 40203"
461,Old Louisville Coffee Co-op,4.5,18,,"316 W Ormsby Ave, Louisville, KY 40203"
462,Cadillac’s Chicken and Fish,4.0,44,,"7105 Fegenbush Ln, Louisville Ky, KY 40228"
463,Ricky B's Club Cafe,5.0,10,,"2901 Brownsboro Rd, Louisville, KY 40206"
464,Shady Lane Cafe,4.5,136,$,"4806 Brownsboro Rd, Louisville, KY 40207"
465,Hibachi Buffet,4.0,77,$$,"5372 Dixie Hwy, Louisville, KY 40216"
466,Town A Neighborhood Pub,4.0,4,,"415 Spring St, Jeffersonville, IN 47130"
467,Huge Impact,4.0,20,,"566 S 5th St, Louisville, KY 40202"
468,Barret Bar,4.0,69,$,"1012 Barret Ave, Louisville, KY 40204"
469,Wiltshire Bakery & Cafe,4.5,135,$,"901 Barrett Ave, Louisville, KY 40204"
470,Vic's Cafe,4.5,25,$,"1839 E Market St, New Albany, IN 47150"
471,Joe's Older Than Dirt,3.5,129,$$,"8131 New La Grange Rd, Louisville, KY 40222"
472,Baxter's 942 Bar & Grill,3.5,105,$$,"942 Baxter Ave, Louisville, KY 40204"
473,Joely's Restaurant & Bar,5.0,5,,"1999 Brownsboro Rd, Louisville, KY 40206"
474,Outback Steakhouse,2.5,110,$$,"6520 Signature Dr, Louisville, KY 40213"
475,Israel's Delicias De Mexico Gourmet,4.0,125,$$,"604 E Spring St, New Albany, IN 47150"
476,QDOBA Mexican Eats,2.5,54,$,"3021 Poplar Level Rd, Louisville, KY 40213"
477,Twig And Leaf,3.5,129,$,"2122 Bardstown Rd, Louisville, KY 40205"
478,Taco City - Hikes Point,4.5,30,,"3085 Breckenridge Ln, Louisville, KY 40220"
479,bare paws,5.0,1,,"1101 Lydia St, Louisville, KY 40217"
480,Abyssinia Authentic Ethiopian Cuisine Restaurant & Bar,4.5,168,$$,"554 S 5th St, Louisville, KY 40203"
481,Sue's Touch Of Country,4.0,14,,"2605 Rockford Ln, Louisville, KY 40216"
482,Santa Fe Grill,4.0,119,$,"3000 S 3rd St, Louisville, KY 40208"
483,Mojito Tapas Restaurant,4.5,409,$$,"2231 Holiday Manor Ctr, Louisville, KY 40222"
484,Bourbons Bistro,4.5,285,$$$,"2255 Frankfort Ave, Louisville, KY 40206"
485,Lemongrass Cafe and Market,4.0,88,$,"2956 Richland Ave, Louisville, KY 40220"
486,Pizza Bar Louisville,3.0,92,,"445 S 4th St, Louisville, KY 40202"
487,River Road BBQ,4.0,165,$$,"3017 River Rd, Louisville, KY 40207"
488,La Rosita,4.5,27,$,"5059 Preston Hwy, Louisville, KY 40213"
489,Taquero Mucho,4.5,18,,"5700 Outer Lp, Louisville, KY 40219"
490,Inkredible's,5.0,1,,"1506 Dixie Hwy, Louisville, KY 40210"
491,Bambi Bar,4.5,72,$,"2701 Bardstown Rd, Louisville, KY 40205"
492,Wild Eggs,4.5,644,$$,"3985 Dutchmans Ln, Louisville, KY 40207"
493,Ditto's Grill,3.5,218,$$,"1114 Bardstown Rd, Louisville, KY 40204"
494,Caffe Classico,4.0,129,$$,"2144 Frankfort Ave, Louisville, KY 40206"
495,Jay's Burgers,5.0,17,,"1241 East Oak, Louisville, KY 40204"
496,Bud's Tavern,4.0,46,$$,"4014 Dixie Hwy, Louisville, KY 40216"
497,Kashmir,3.5,259,$$,"1277 Bardstown Rd, Louisville, KY 40204"
498,Molly Malone's Irish Pub & Restaurant,3.5,160,$$,"933 Baxter Ave, Louisville, KY 40204"
499,Flanagan's Ale House,3.5,183,$$,"934 Baxter Ave, Louisville, KY 40204"
500,Flavors Cuisine Of India,4.0,25,,"3201 Fern Valley Rd, Ste 111, Louisville, KY 40213"
501,DaLat's Gateaux and Cafe,4.5,67,$,"6915 Southside Dr, Louisville, KY 40214"
502,Senor Iguana's,3.5,113,$$,"3105 S 2nd St, Louisville, KY 40208"
503,Lou Lou Food and Drink,4.0,286,$$,"106 Sears Ave, Louisville, KY 40207"
504,Antojitos JJ,0.0,0,,"1032 Story Ave, Louisville, KY 40206"
505,Panchitos Ice Cream,4.5,173,$,"2245 Bardstown Rd, Louisville, KY 40205"
506,Tikka House,4.0,178,$$,"3930 Chenoweth Square, Louisville, KY 40207"
507,Sharks Seafood,4.0,70,$,"3099 Breckenridge Ln, Louisville, KY 40220"
508,Rose Room Churchill Downs,4.0,1,,"700 Central Ave, Louisville, KY 40208"
509,Pho Phi,3.5,139,$$,"4600 Shelbyville Rd, Louisville, KY 40207"
510,D. Nalley's,4.0,72,$,"970 S 3rd St, Louisville, KY 40203"
511,Island Breeze,5.0,6,,"1991 Brownsboro Rd, Louisville, KY 40206"
512,Za's Pizza Pub,3.5,112,$$,"1573 Bardstown Rd, Louisville, KY 40205"
513,Borsalino Cafe & Deli,4.5,35,$,"3825 Bardstown Rd, Louisville, KY 40218"
514,O'Shea's Traditional Irish Pub,4.0,255,$$,"956 Baxter Ave, Louisville, KY 40204"
515,Toast on Market,4.0,153,$$,"141 E Market St, New Albany, IN 47150"
516,Adrienne & Co Bakery Cafe,4.0,221,$,"129 W Court Ave, Jeffersonville, IN 47130"
517,Sallyforth Taproom,5.0,5,,"1221 W Main St, Louisville, KY 40212"
518,Senor Pupusas,4.5,12,,"8118 Preston Hwy, Louisville, KY 40219"
519,Texas Roadhouse,5.0,1,,"6060 Dutchmans Ln, Louisville, KY 40205"
520,DiOrio's Pizza & Pub,3.5,156,$$,"919 Baxter Ave, Louisville, KY 40204"
521,Levee at the River House,3.5,59,$$,"3015 River Rd, Louisville, KY 40207"
522,Butchertown Porktoberfest,5.0,1,,"1121 E Washington St, Louisville, KY 40206"
523,Orleans Authentic Cajun Cuisine,0.0,0,,"1812 W Muhammad Ali Blvd, Louisville, KY 40203"
524,Dawg On It,5.0,1,,"Louisville, KY 40202"
525,Full Arepa KY,5.0,7,,"1001 Logan St, Louisville, KY 40204"
526,Texas Roadhouse,3.5,128,$$,"3322 Outer Lp, Louisville, KY 40219"
527,Addis Bar & Grill,4.0,122,$$,"109 S 4th St, Louisville, KY 40202"
528,Cafe Thuy Van,4.0,93,$,"5600 National Tpke, Louisville, KY 40214"
529,Three Brothers Restaurant,3.5,16,,"2001 7th Street Rd, Louisville, KY 40208"
530,Zero’s Luxe Lounge,3.5,6,,"1346 River Rd, Louisville, KY 40206"
531,Mark's Slab House,3.5,4,,"4912 Preston Hwy, Louisville, KY 40213"
532,Pizza Donisi,3.5,194,$,"1396 S 2nd St, Louisville, KY 40208"
533,Brian's Deli,4.5,14,$,"531 S 4th St, Louisville, KY 40202"
534,Redlands Grill by J. Alexander's,4.0,229,$$,"102 Oxmoor Ct, Louisville, KY 40222"
535,Bamba Eggroll Company,5.0,6,,"240 Adams St, Louisville, KY 40206"
536,Aji Sushi and Asian Cuisine,4.0,97,$$,"5610 Outer Lp, Louisville, KY 40219"
537,Osaka Sushi & Japanese Cusine,4.0,218,$$,"2039 Frankfort Ave, Louisville, KY 40206"
538,Jasmin Bakery European Bread,4.5,82,$,"2205 Steier Ln, Louisville, KY 40218"
539,Wiltshire At The Speed,4.0,32,$$,"2035 S 3rd St, The Speed Art Museum, Louisville, KY 40208"
540,Cafe Aroma,4.5,35,$,"2020 Brownsboro Rd, Louisville, KY 40206"
541,Chamling Kitchen & Bar,3.5,24,$$,"2249 Hikes Ln, Louisville, KY 40218"
542,Rockey’s Dock Seafood,4.0,15,$,"805 E 10th St, Jeffersonville, IN 47130"
543,Farm to Fork Cafe,4.0,5,,"2425 Portland Ave, Louisville, KY 40212"
544,Sol Aztecas Mexican Restaurant,3.0,111,$$,"2427 Bardstown Rd, Louisville, KY 40205"
545,The Grape Leaf,4.0,210,$$,"2217 Frankfort Ave, Louisville, KY 40206"
546,Chuy's,4.0,390,$$,"104 Oxmoor Ct, Louisville, KY 40222"
547,Cheddar Box Too,4.0,105,$$,"109 Chenoweth Ln, Louisville, KY 40207"
548,Manhattan Grill,4.0,63,$,"429 W Muhammad Ali Blvd, Louisville, KY 40202"
549,Raising Canes Chicken Fingers,3.0,72,$,"1250 Bardstown Rd, Ste 5, Louisville, KY 40204"
550,Takito Place,4.0,6,,"9821 3rd Street Rd, Louisville, KY 40272"
551,La Pinata Grill,4.5,2,,"4028 S 3rd St, Louisville, KY 40214"
552,Frankfort Avenue Beer Depot,4.0,308,$$,"3204 Frankfort Ave, Louisville, KY 40206"
553,Emilio’s Taqueria,4.5,24,,"9218 Blue Lick Rd, Louisville, KY 40229"
554,Cracker Barrel Old Country Store,3.0,143,$$,"2701 Crittenden Dr, Louisville, KY 40209"
555,Louisville Tube Station,5.0,1,,"N 4TH St, Jefferson St, Louisville, KY 40202"
556,Stooges Bar &  Grill,3.5,52,$$,"7123 Grade Ln, Louisville, KY 40213"
557,Crave Cafe and Catering,4.5,70,$,"2250 Frankfort Ave, Louisville, KY 40206"
558,J  Gumbo's - Highlands,4.0,45,$,"1616 Grinstead Dr, Louisville, KY 40204"
559,Beef 'O' Brady's,3.0,60,$$,"3101 S 2nd St, Louisville, KY 40208"
560,Taco Tequila,4.0,2,,"937 Phillips Ln, Kentucky Kingdom and Hurricane Bay, Louisville, KY 40209"
561,Chilitos Mexican Grill,4.5,28,,"8021 Dixie Hwy, Ste 105, Louisville, KY 40258"
562,Quills Coffee ,4.5,153,$,"802 E Main St, Louisville, KY 40206"
563,Derby Dinner Playhouse,4.0,101,$$$,"525 Marriott Dr, Clarksville, IN 47129"
564,Mission BBQ,4.5,241,$$,"4607 Shelbyville Rd, Saint Matthews, KY 40207"
565,El Nopal  - Mexican cuisine,4.0,10,,"700 Riverside Drive, Jeffersonville, IN 47130"
566,Pearly's Seafood,0.0,0,,"6301 Upper River Rd, Harrods Creek, KY 40027"
567,Kate's Deli,4.5,2,,"6400 Dutchmans Pkwy, Ste 25, Louisville, KY 40205"
568,Spinelli's Pizzeria,3.5,338,$$,"616 Baxter Ave, Louisville, KY 40204"
569,Taco Rito,2.5,4,,"712 Brent St, The Village Market, Louisville, KY 40204"
570,Dairy Del,4.5,85,$,"1516 S Shelby St, Louisville, KY 40217"
571,Holy Molé,4.0,31,$,"401 E Main St, Louisville, KY 40202"
572,Cool Foods By Cool Bakers,4.0,1,,"Louisville, KY 40201"
573,Casa de Mia,4.5,2,,"Louisville, KY 40201"
574,Con Huevos,4.5,308,$$,"4938 US Hwy 42, Louisville, KY 40222"
575,Noodles & Company,3.5,47,$,"319 W Cardinal Blvd, Louisville, KY 40208"
576,La Bamba,3.0,122,$,"1237 Bardstown Rd, Louisville, KY 40204"
577,Rice Box,4.0,26,$,"6810 Southside Dr, Louisville, KY 40214"
578,Texas Roadhouse,4.0,81,$$,"4406 Dixie Hwy, Shively, KY 40216"
579,Great Wok,3.5,27,$,"2502 Preston Hwy, Louisville, KY 40217"
580,La Maison aux Crêpes,4.0,14,,"1001 Logan St, Louisville, KY 40204"
581,Chicken King,4.0,110,$,"639 E Broadway, Louisville, KY 40202"
582,La Pana Bakery & Cafe,5.0,21,,"1001 Logan St, Louisville, KY 40204"
583,The Corn Place,0.0,0,,"1153 River Rd, Louisville, KY 40206"
584,Heine Brothers Coffee,3.5,62,$,"822 Eastern Pkwy, Louisville, KY 40217"
585,Penn Station East Coast Subs,3.0,38,$,"3035 Preston Hwy, Louisville, KY 40217"
586,La Favorita,4.5,6,$,"6201 Preston Hwy, Louisville, KY 40219"
587,Eggs Over Frankfort,3.5,195,$,"2712 Frankfort Ave, Louisville, KY 40206"
588,Sangria Bar at Union,3.5,3,,"125 W Chestnut St, Jeffersonville, IN 47130"
589,Wild Eggs,4.0,4,,"223 West 5th St, New Albany, IN 47150"
590,La Bonita Tienda Mexicana,4.0,16,,"1999 Brownsboro Rd, Louisville, KY 40206"
591,Hong Kong Fast Food,4.5,40,$,"5312 S 3rd St, Ste 102, Louisville, KY 40214"
592,Safai Coffee,4.5,192,$,"1707 Bardstown Rd, Louisville, KY 40205"
593,Addis Ababa,5.0,21,$$,"4750 Bardstown Rd, Louisville, KY 40218"
594,The Fruit Shack,5.0,2,,"1001 Logan St, Louisville, KY 40204"
595,Club Nirvana,3.0,26,$$,"1047 Bardstown Rd, Louisville, KY 40204"
596,Mirage Mediterranean Express,4.5,6,,"4000 Dutchmans Ln, Louisville, KY 40207"
597,8th Street Pizza,4.5,51,$,"411 E Spring St, The Breakwater, New Albany, IN 47150"
598,Wick's Pizza,3.5,225,$$,"975 Baxter Ave, Louisville, KY 40204"
599,Scooter's Coffee,3.5,10,,"4036 Poplar Level Rd, Louisville, KY 40213"
600,Bluegrass Grill - Kentucky  Cattlemans Association,0.0,0,,"937 Phillips Ln, Kentucky Exposition Center, Louisville, KY 40209"
601,Indi's Fast Food Restaurant,4.0,68,$,"1033 W Broadway, Louisville, KY 40203"
602,M&M Delishiousness,5.0,1,,"1401 Bluegrass Ave, Louisville, KY 40215"
603,The Culture Club Presents,0.0,0,,"419 Finzer St, Louisville, KY 40203"
604,Potbelly Sandwich Shop,3.5,101,$,"302 S 4th St, Ste 2, Louisville, KY 40202"
605,La Casita Taqueria Mexicana,5.0,4,,"1504 Berry Blvd, Louisville, KY 40215"
606,El Nopal,3.5,30,$$,"962 Baxter Ave, Louisville, KY 40204"
607,Bluegrass Trackside Kitchens,4.0,1,$,"700 Central Ave, Louisville, KY 40208"
608,Poppe Cafe,4.5,3,,"Louisville, KY 40220"
609,Lotsa Pasta,4.5,121,$,"3717 Lexington Rd, Louisville, KY 40207"
610,VonSubs,2.0,18,,"6006 Shepherdsville Rd, Louisville, KY 40228"
611,Arno Pizza,4.5,36,$,"3933 Bardstown Rd, Louisville, KY 40218"
612,Drake's,3.5,182,$$,"3939 Shelbyville Rd, Ste 101, Louisville, KY 40207"
613,Sweet and Juicy Seafood,3.5,5,,"8402 Hudson Ln, Louisville, KY 40291"
614,El Gallo Azteka,5.0,1,,"1418 Blackiston Mill Rd, Clarksville, IN 47129"
615,Frisch's Big Boy,2.5,42,$,"1710 Lincoln Ave, Louisville, KY 40213"
616,Sam's Chicago Grill,5.0,1,,"4501 Cane Run Rd, LOUISVILLE, KY 40216"
617,Legacy Pizza & Bakery,4.5,71,,"1001 Vincennes St, Ste 100, New Albany, IN 47150"
618,Derby City Cafe,5.0,2,,"3819 Bardstown Rd, Louisville, KY 40218"
619,Bungalow Joe's Bar and Grill,4.0,205,$$,"7813 Beulah Church Rd, Louisville, KY 40228"
620,Oriental House,4.0,301,$$,"4302 Shelbyville Rd, Louisville, KY 40207"
621,Sakura Blue,4.0,168,$$,"4600 Shelbyville Rd, Louisville, KY 40207"
622,Taqueria El Gran Tako Estilo Mexico,5.0,24,$,"350 W Court Ave, Jeffersonville, IN 47130"
623,White Castle,3.0,48,$,"793 Eastern Pkwy, Louisville, KY 40217"
624,Momma Rose Cajun Hotspot,0.0,0,,"Louisville, KY 40216"
625,CJ's Soul Food & Catering,5.0,2,,"665 Eastlawn Ave, Louisville, KY 40211"
626,Jet's Pizza,4.0,58,$$,"2500 Bardstown Rd, Louisville, KY 40205"
627,Taziki's Mediterranean Cafe - St. Matthews,4.5,85,$$,"106 Fairfax Ave, Louisville, KY 40207"
628,Hitching Post Inn,4.5,7,$,"7314 Fegenbush Ln, Louisville, KY 40228"
629,Ace's Slushie World,5.0,1,,"1821 W Broadway, Louisville, KY 40203"
630,Healthy Living,5.0,1,,"Heyburn Building, 332 W Broadway, Louisville, KY 40202"
631,La Riviera Maya,4.0,46,$,"8104 National Tpke, Ste 102, Louisville, KY 40214"
632,Kingsley Meats & Catering,4.0,48,$$,"2701 Taylorsville Rd, Louisville, KY 40205"
633,McAlister's Deli,3.5,5,,"2100 S Floyd St, Ste W206, Louisville, KY 40203"
634,Bonnie & Clyde's Pizza Parlor,4.0,130,$$,"7611 Dixie Hwy, Louisville, KY 40258"
635,Bearno's Shively,4.0,34,$$,"4105 Dixie Hwy, Louisville, KY 40216"
636,Mai's Thai Restaurant,3.5,113,$,"1411 E 10th St, Jeffersonville, IN 47130"
637,Fresco Tea Bar,4.5,38,$,"223 Pearl St, Jeffersonville, IN 47130"
638,WeekEnd Burgers,5.0,10,,"5600 National Turnpike, Louisville, KY 40214"
639,The Sporting News Grill,3.0,8,$$,"6551 Paramount Park Dr, Louisville, KY 40213"
640,Lucky Leopard Pizza,0.0,0,,"1032 Story Ave, High Horse, Louisville, KY 40206"
641,Wild Eggs,4.5,302,$$,"1311 Herr Ln, Graymoor-Devondale, KY 40222"
642,Kingfish Restaurant,2.0,224,$$,"3021 River Rd, Louisville, KY 40207"
643,Po-Z's Kitchen,4.5,9,,"6801 Dixie Hwy, Ste 150, Louisville, KY 40258"
644,Equus and Jack's Lounge,4.0,110,$$,"122 Sears Ave, Louisville, KY 40207"
645,O Dollys,3.5,14,,"7800 3rd Street Rd, Louisville, KY 40214"
646,Victoria Mexican Restaurant,4.5,100,$$,"2918 Hikes Ln, Louisville, KY 40218"
647,Luna's Mexican Restaurant,3.5,29,$,"5213 Preston Hwy, Ste B, Louisville, KY 40213"
648,Cafe 360,2.5,166,$,"1582 Bardstown Rd, Louisville, KY 40205"
649,Taco Bell,2.0,27,$,"3125 Poplar Level Rd., Louisville, KY 40213"
650,J. Gumbo's,4.0,84,$,"2109 Frankfort Ave, Louisville, KY 40206"
651,The Cheesecake Factory,3.5,428,$$,"5000 Shelbyville Rd, Louisville, KY 40207"
652,Encore on 4th,3.0,25,$$,"630 S 4th St, Louisville, KY 40202"
653,Kentucky Smoked BBQ,5.0,6,$,"4100 Shelbyville Rd, Beargrass Christian Church, Louisville, KY 40207"
654,Dixie Chicken,3.0,12,$,"3947 Dixie Hwy, Louisville, KY 40216"
655,McDonald's,1.5,35,$,"3100 Poplar Level Rd, Louisville, KY 40217"
656,Luigi's Pizzeria,3.5,116,$,"712 W Main St, Louisville, KY 40202"
657,Annie's Cafe,3.5,102,$,"308 W Woodlawn Ave, Louisville, KY 40214"
658,Wild Eggs,4.0,24,$$,"9010 Taylorsville Rd, Jeffersontown, KY 40299"
659,Asahi,4.0,129,$$,"3701 Lexington Rd, Louisville, KY 40207"
660,Twinspire Pizza,4.5,9,,"8023 Catherine Ln, Ste 102, Louisville, KY 40222"
661,Home Run Burgers,3.5,47,$,"303 W Cardinal Blvd, Louisville, KY 40208"
662,Seeds and Greens Natural Market & Deli,4.0,43,$$,"207 W 1st St, New Albany, IN 47150"
663,Hooters,2.0,69,$$,"700 W Riverside Dr, Jeffersonville, IN 47130"
664,Chicago Jerk Tacos,4.5,3,,"227 S 30th St, Louisville, KY 40212"
665,Hill Street Fish Fry,3.5,37,$,"111 E Hill St, Louisville, KY 40208"
666,Ruth's Chris Steak House,3.5,284,$$$$,"6100 Dutchmans Ln Kaden Tower, Fl 16, Louisville, KY 40205"
667,Soulful choices,5.0,1,,"Louisville, KY 40202"
668,Joe's Crab Shack,3.0,265,$$,"131 River Rd, Louisville, KY 40202"
669,Wiltshire Pantry Bakery & Cafe,4.5,43,$,"1310 E Breckinridge St, Louisville, KY 40204"
670,Skyline Chili,3.5,97,$,"1266 Bardstown Road, Louisville, KY 40204"
671,LATino Food Truck,4.5,15,$,"Louisville, KY 40208"
672,West Wing,0.0,0,,"1730 W Chestnut St, Ste 2, Louisville, KY 40203"
673,The Raven Irish Pub,3.5,146,$$,"3900 Shelbyville Rd, St Matthews, KY 40207"
674,Frida’s Alchemy,4.5,20,$$,"7900 Shelbyville Rd, Louisville, KY 40222"
675,New View Bar & Grill,4.5,13,$,"7601 Outer Lp, Louisville, KY 40228"
676,El Nopal,3.0,56,$$,"3010 Bardstown Rd, Louisville, KY 40205"
677,Smashburger,2.5,51,$$,"600 Terminal Dr, Ste 10, Louisville, KY 40209"
678,Eve's Pizza,0.0,0,,"1670 S 17th St, Louisville, KY 40210"
679,Gatsby's on Fourth,2.5,22,$$,"500 S Fourth St, Seelbach Hilton, Louisville, KY 40202"
680,Mama Shadia,5.0,1,,"2300 W Market St, Louisville, KY 40212"
681,Dizzy Whizz,3.5,107,$,"217 W Saint Catherine St, Louisville, KY 40203"
682,Steak ’n Shake,1.5,101,$,"4545 Outer Lp, Louisville, KY 40219"
683,Dairy Kastle,4.5,175,$,"575 Eastern Pkwy, Louisville, KY 40217"
684,Red’s Daug Pound,4.0,2,,"937 Phillips Ln, Louisville, KY 40209"
685,Jojo Gyros 2,5.0,7,,"7900 Shelbyville Rd, Louisville, KY 40222"
686,Home Run Burgers & Fries,2.5,14,,"5608 Outer Lp, Louisville, KY 40219"
687,Hot Buns Food Truck,5.0,37,,"Louisville, KY 40201"
688,TGI Fridays,2.0,142,$$,"415 S 4th St, Louisville, KY 40202"
689,BJ's Restaurant & Brewhouse,3.5,325,$$,"7900 Shelbyville Rd, Louisville, KY 40222"
690,China 1,3.5,18,$,"3614 Buechel Bypass, Louisville, KY 40218"
691,La Loma Restaurant,4.5,63,$,"560 Eastern Blvd, Clarksville, IN 47129"
692,Morris' Deli Liquor & Catering,4.5,113,$,"2228 Taylorsville Rd, Louisville, KY 40205"
693,Pearl Street Game & Coffee House,5.0,59,$,"405 Pearl St, Jeffersonville, IN 47130"
694,MrBeast Burger,2.5,8,,"Louisville, KY 40220"
695,Stevie J's Barbecue,5.0,2,,"1831 W Jefferson St, Louisville, KY 40203"
696,Dairy Queen,1.5,48,$,"3221 Poplar Level Rd, Louisville, KY 40213"
697,KFC,2.0,17,$,"2513 Preston Hwy, Louisville, KY 40217"
698,First Watch,4.0,183,$$,"960 Breckinridge Ln, Louisville, KY 40207"
699,Derby City Pizza Co.,3.0,30,,"2331 Brownsboro Rd, Louisville, KY 40206"
700,Taqueria Don Juan,4.5,18,,"615 Eastern Blvd, Clarksville, IN 47129"
701,Grubbin at Da Spott,0.0,0,,"1612 Dixie Hwy, Louisville, KY 40210"
702,Dixie Chicken,4.0,5,,"1785 W Oak St, Louisville, KY 40210"
703,It's Just Wings,1.5,4,,"3007 Poplar Level Rd, Louisville, KY 40217"
704,Fort Royal Restaurant,3.0,2,,"6918 Southside Dr, Louisville, KY 40214"
705,Soupy's,4.5,74,$,"3027 Hunsinger Ln, Louisville, KY 40220"
706,Louisville Cream,4.5,364,$,"632 E Market St, Ste 101, Louisville, KY 40202"
707,POCO,5.0,4,,"Louisville, KY 40202"
708,Louisville Smoker's BBQ,4.5,9,,"1501 w oak St., Louisville, KY 40210"
709,Big Al's Beeritaville,4.5,31,$,"1715 Mellwood Ave, Louisville, KY 40206"
710,Home Cuisine,4.5,20,$$,"309 Wallace Ave, Louisville, KY 40207"
711,Coals Artisan Pizza,4.0,231,$$,"3730 Frankfort Ave, Louisville, KY 40207"
712,Saidi's,0.0,0,,"5318 S 3rd St, Louisville, KY 40214"
713,Sweet 'n' Savory,4.5,21,$,"Louisville, KY 40202"
714,La Guera Taqueria,4.5,3,,"4049 Taylorsville Rd, Louisville, KY 40220"
715,Rafferty's of Louisville,3.5,142,$$,"988 Breckenridge Ln, Louisville, KY 40207"
716,Spring Street Bar & Grill,3.5,69,$,"300 S Spring St, Louisville, KY 40206"
717,Taco Luchador,4.0,262,$$,"112 Meridian Ave, Louisville, KY 40207"
718,Bourbon Academy Tasting Room,3.0,59,$$,"600 Terminal Dr, Upstairs in Rotunda, Louisville, KY 40209"
719,El Caporal,4.5,70,$,"2209 Meadow Dr, Louisville, KY 40218"
720,Guy Fieri's Flavortown Kitchen,2.0,1,,"Louisville, KY 40222"
721,Safari Cafe & Restaurant,4.5,2,,"5600 S 3rd St, Louisville, KY 40214"
722,Carali's Rotisserie Chicken,4.0,14,,"703 E Lewis And Clark Pkwy, Clarksville, IN 47129"
723,Señor Iguanas,4.0,61,$$,"5637 Outer Lp, Louisville, KY 40219"
724,Jimmy John's,3.0,18,$,"3507 Poplar Level Rd, Louisville, KY 40213"
725,El Pastorcito Taqueria,4.0,13,,"4132 Outer Lp, Louisville, KY 40219"
726,Dogs On The Run,5.0,2,,"1200 E River Rd, Louisville, KY 40206"
727,Yamato Japanese Steak House,4.0,38,,"345 New Albany Plz, New Albany, IN 47150"
728,Brew & Sip Coffee Bar,3.5,3,,"505 W Broadway, Louisville, KY 40202"
729,Al sham markets,0.0,0,,"3819 Bardstown Rd, B, Louisville, KY 40218"
730,St. James Catholic Church Fish Fry,4.0,1,,"1826 Edenside Ave, Louisville, KY 40204"
731,La Lupita Mexican Restaurant,4.5,64,$,"827 Eastern Blvd, Clarksville, IN 47129"
732,Bearno's By the Bridge,3.0,178,$$,"131 W Main St, Louisville, KY 40202"
733,Abol Cafe,4.5,37,,"102 1/2 Cannons Ln, Louisville, KY 40206"
734,The Sports & Social Club,2.5,273,$$,"427 S 4th St, Louisville, KY 40202"
735,Osaka Japanese Restaurant,3.0,75,$$,"426 W Market St, Louisville, KY 40202"
736,Lueberry Acai & Superfoods,4.0,184,$$,"808 E Market St, Louisville, KY 40206"
737,Wendy's,1.5,56,$,"4029 Poplar Level Rd, Louisville, KY 40213"
738,Lexie Lu's,2.5,16,$,"1425 Quincy St, Louisville, KY 40206"
739,Blue Horse Restaurant,3.0,1,,"830 Phillips Ln, Louisville, KY 40209"
740,Supermercado Guanajuato,4.5,57,$,"6201 Preston Hwy, Ste B, Louisville, KY 40219"
741,Tokyo Japanese Restaurant & Sushi Bar,4.5,59,$$,"2415 Lime Kiln Ln, Louisville, KY 40222"
742,Mexa Tacos,4.0,183,$,"3701 Lexington Rd, Ste 1, Louisville, KY 40207"
743,Hibachi Sushi Buffet,2.5,40,$$,"5729 Preston Hwy, Louisville, KY 40219"
744,Sugar High,5.0,3,,"619 Baxter Ave, Louisville, KY 40204"
745,Shoney's Restaurant,2.5,31,$,"6511 Signature Dr, Louisville, KY 40213"
746,Good Burger Bus,4.0,1,,"Louisville, KY 40216"
747,falafel oasis,3.0,4,,"4845 Poplar Level Rd, Louisville, KY 40258"
748,Keke's Southern Cooking & BBQ,3.0,2,,"5258 Bardstown Rd, Louisville, KY 40291"
749,C&L Don't Need No Sauce BBQ,5.0,1,,"2511 7th Street, Louisville, KY 40208"
750,Union 15,3.5,2,,"816 W Kenwood Dr, Louisville, KY 40214"
751,El Tarasco,2.5,50,$$,"2247 S Preston St, Louisville, KY 40217"
752,Cup of Joy,4.5,15,$,"2507 Bank St, Louisville, KY 40212"
753,Bearno's Little Sicily,4.0,52,$$,"2900 Taylorsville Rd, Louisville, KY 40205"
754,Fante's Coffee,4.5,206,$,"2501 Grinstead Dr, Louisville, KY 40206"
755,Tumbleweed TexMex Grill & Margarita Bar,3.0,62,$$,"3602 Bardstown Rd, Louisville, KY 40218"
756,Indi's Fast Food Restaurant,3.0,62,$,"3353 Fern Valley Rd, Louisville, KY 40213"
757,Waycool Cafe,3.5,3,$,"120 W Broadway, Louisville, KY 40202"
758,V-GRITS Food Truck,4.5,28,$,"1025 Barret Ave, Louisville, KY 40204"
759,Golden Star Chinese Food,4.0,11,$,"3458 Taylor Blvd, Louisville, KY 40215"
760,Chili's,2.5,55,$$,"3623 Bardstown Rd, Louisville, KY 40218"
761,VeganVille,5.0,1,,"Louisville, KY 40205"
762,Fazoli's,4.0,18,$,"6011 Preston Highway, Louisville, KY 40219"
763,Hoops Grill & Sports Bar,3.5,69,$,"6733 Strawberry Ln, Louisville, KY 40214"
764,Tacos El Tio Martin,5.0,2,,"Louisville, KY 40214"
765,Alchemy Food Truck,5.0,13,,"501 S Preston St, Louisville, KY 40202"
766,Goodloes Bar and Grill,3.5,2,,"627 N 34th St, Louisville, KY 40212"
767,Cafe Joker,3.5,3,,"3912 Bardstown Rd, Louisville, KY 40218"
768,Schimpff's Confectionery,4.5,146,$,"347 Spring St, Jeffersonville, IN 47130"
769,Taqueria Bella,0.0,0,,"2141 Buechel Bank Rd, Louisville, KY 40218"
770,Felipe,3.5,17,,"2420 Lime Kiln Ln, Northfield, KY 40222"
771,The SaladChic,4.5,7,,"428 W Market, Louisville, KY 40202"
772,Blaze Pizza,4.0,288,$$,"4848 Shelbyville Rd, Louisville, KY 40207"
773,Motoring Gastro,4.0,2,$$,"Louisville, KY 40231"
774,Puerto Vallarta Restaurant,4.0,56,$$,"125 Quartermaster Ct, Jeffersonville, IN 47130"
775,Dakshin South Indian Restaurant,4.0,270,$$,"4742 Bardstown Rd, Louisville, KY 40218"
776,Woodford Reserve Bar & Grill,2.0,33,$$,"600 Terminal Dr, Louisville International Airport, Concourse B, Louisville, KY 40209"
777,Buffalo Wild Wings,2.0,112,$$,"4917 Outer Lp, Louisville, KY 40219"
778,Casa Mia,3.0,1,,"937 Phillips Ln, Louisville, KY 40209"
779,Tucker's American Favorites,3.0,59,$$,"2441 State St, Ste 6, New Albany, IN 47150"
780,Krazy Daves,4.0,9,$,"2817 Del Rio Pl, Louisville, KY 40220"
781,Wick's Pizza - Louisville,3.0,69,$$,"3348 Hikes Ln, Louisville, KY 40220"
782,King Gyros,4.5,7,,"7900 Shelbyville Rd, Louisville, KY 40207"
783,Topgolf,3.0,58,,"301 Oxmoor Ln, Louisville, KY 40222"
784,Einstein Bros. Bagels,3.0,1,,"2001 Newburg Rd, Louisville, KY 40205"
785,Backside At Whiskey Row,0.0,0,,"108 West Washington St, Louisville, KY 40202"
786,Tino’s Tacos,4.0,27,,"161 Outer Lp, Louisville, KY 40214"
787,Coffee Crossing,4.5,39,$,"140 E Main St, New Albany, IN 47150"
788,Domino's Pizza,2.0,53,$,"812 Eastern Pkwy, Louisville, KY 40217"
789,Mi Preferida Restaurante,4.5,9,$,"4680 Bardstown Rd, Louisville, KY 40218"
790,Supermercado Guanajuato #3,4.5,7,,"5624 Bardstown Rd, Louisville, KY 40291"
791,Duck Donuts,4.0,72,,"4600 Shelbyville Rd, Ste 634, Louisville, KY 40207"
792,Starving Artist Cafe & Deli,4.5,70,$,"8034 New La Grange Rd, Louisville, KY 40222"
793,Sushi and Boba Tea House,5.0,2,,"332 W Market St, Jeffersonville, IN 47130"
794,St. Augustine Fish Fry,4.0,10,$,"720 S 13th St, Louisville, KY 40210"
795,Tacos La Esperanza - Hope On Wheels,5.0,16,,"3401 Breckenridge Ln, Louisville, KY 40220"
796,JR's Fresh Spot,4.0,4,,"3012 Middle Rd, Jeffersonville, IN 47130"
797,Boo Boo Smoke Shack,4.5,16,$,"Louisville, KY 40208"
798,Mick's Lounge,4.0,2,,"1448 Gateway Plz, Jeffersonville, IN 47130"
799,Cattleman's Roadhouse,3.5,136,$$,"2901 S Hurstbourne Pkwy, Louisville, KY 40220"
800,Denny's,2.0,100,$,"434 Eastern Pkwy, Louisville, KY 40217"
801,Saints Pizza Pub & Sky Bar,3.5,118,$$,"131 Breckenridge Ln, St. Matthews, KY 40207"
802,Ev's Deli,5.0,13,$,"500 W Jefferson St, Ste 103, Louisville, KY 40202"
803,Masala Grill,4.0,27,$,"528 S 5th St, Louisville, KY 40202"
804,Indi's Fast Food Restaurant,4.0,11,$,"4590 Dixie Hwy, Louisville, KY 40216"
805,Las Gorditas,4.5,50,$,"4780 Bardstown Rd, Louisville, KY 40218"
806,hiko-A-mon,4.0,268,$$,"1115 Herr Ln, Ste 130, Louisville, KY 40222"
807,Cuba Y Mas,3.5,8,,"5700 Outer Lp, Louisville, KY 40219"
808,The Dinner Detective,3.5,11,$$,"501 South Fouth St, Louisville, KY 40202"
809,Sam's Fast Food,4.0,4,,"2101 W Broadway, Louisville, KY 40211"
810,Pizza Hut,1.5,36,$,"2508 Preston Hwy, Louisville, KY 40217"
811,Tims Four Kings Cafe,2.0,1,$,"4642 Jennings Ln, Louisville, KY 40218"
812,MrBeast Burger,0.0,0,,"1301 Story Avenue, Louisville, KY 40206"
813,Oriental Cafe,4.0,110,$,"3360 Hikes Ln, Louisville, KY 40220"
814,Lou Lou on Market Mural,5.0,1,,"812 E Market St, Louisville, KY 40206"
815,Highland Morning - St. Matthews,3.5,190,$$,"111 Saint Matthews Ave, Louisville, KY 40207"
816,Bearno's Pizza,4.0,53,$$,"8019 Preston Hwy, Louisville, KY 40219"
817,Green District Salads - Downtown Louisville,4.5,36,,"225 S 5th St, Louisville, KY 40202"
818,Wing Station,4.0,39,$$,"2119 Crums Ln, Louisville, KY 40216"
819,McDonald's,2.5,29,$,"3350 Preston Hwy, Louisville, KY 40213"
820,Louisville Sushi Truck,4.5,37,$,"Louisville, KY 40202"
821,Please & Thank You - Frank,4.0,135,$$,"2341 Frankfort Ave, Louisville, KY 40206"
822,DiOrio's Pizza & Pub,3.5,130,$$,"310 Wallace Ave, Louisville, KY 40207"
823,Green Tea Chinese Restaurant,4.0,50,$$,"2206 State St, Ste 200, New Albany, IN 47150"
824,Waffle House - Louisville,3.0,28,$,"4320 Bishop Ln, Louisville, KY 40218"
825,Waffle House,3.0,42,$,"4706 Preston Hwy, Louisville, KY 40213"
826,Hoopsters Sports Bar & Grill Jeffersonville,4.0,43,$$,"830 E 10th St, Jeffersonville, IN 47130"
827,Craft House Pizza,3.5,25,,"9601 Newbridge Rd, Ste 1, Louisville, KY 40291"
828,Chipotle Mexican Grill,2.5,119,$,"1075 Bardstown Rd, Louisville, KY 40204"
829,Taqueria Cabrera,4.0,1,$,"2000-2018 Midland Ave, Louisville, KY 40204"
830,Black Rock Grille Food Truck,4.5,31,$$,"Louisville, KY 40213"
831,Rally's,2.0,20,$,"3290 Bardstown Road, Louisville, KY 40205"
832,Dock Sea Foods,4.0,26,$,"1125 State St, New Albany, IN 47150"
833,The Traveling Kitchen,5.0,59,$,"Louisville, KY 40202"
834,Dixie Oriental Food & Gifts Market,4.0,21,$,"3900 Bardstown Rd, Louisville, KY 40218"
835,Holy Smokes Bar-B-Que & Catering,3.0,86,$$,"7508 Preston Hwy, Louisville, KY 40219"
836,Lil Cheezers Gourmet Grilled Cheesemobile,3.5,27,,"Louisville, KY 40201"
837,Beachside,3.0,1,,"937 Phillips Ln, Louisville, KY 40209"
838,Mango's Mexican Restaurant,3.5,74,$$,"4632 Hendrik Dr, Louisville, KY 40299"
839,LongHorn Steakhouse,3.5,111,$$,"4813 Outer Lp, Louisville, KY 40219"
840,Sis Got Tea,0.0,0,,"976 Barret Ave, Louisville, KY 40204"
841,QDOBA Mexican Eats,2.5,83,$,"1500 Bardstown Rd, Bldg 600 Ste 115, Louisville, KY 40205"
842,Habesha Restaurant and Grocery,4.5,7,,"7136 Southside Dr, Louisville, KY 40214"
843,Chic-la-lou,5.0,1,,"Louisville, KY 40208"
844,Super Jugo,4.5,3,$,"825 Eastern Blvd, Ste 4, Clarksville, IN 47129"
845,The Widow's Walk,4.5,59,$,"415 E Riverside Dr, Clarksville, IN 47129"
846,Texas Roadhouse,4.0,54,$$,"5005 Shelbyville Rd, Louisville, KY 40207"
847,Tacos Guerra,4.5,5,,"8601 National Turnpike, Louisville, KY 40118"
848,El Tarasco,4.0,42,$$,"5425 New Cut Rd, Louisville, KY 40214"
849,Borromeo's Pizza and Italian,3.5,56,$$,"8607 Smyrna Pkwy, Louisville, KY 40228"
850,Finley's Hickory Smoke Barb-Q,0.0,0,,"1500 W Broadway, Louisville, KY 40203"
851,Chopsticks House,2.5,16,$,"2112 W Broadway, Louisville, KY 40211"
852,Tracks Bar And Grill,3.0,6,,"3952 Bardstown Rd, Louisville, KY 40218"
853,Zaxby's Chicken Fingers & Buffalo Wings,3.5,30,$,"3423 Fern Valley Rd, Louisville, KY 40213"
854,Maria's Tacos,4.0,1,,"825 Eastern Blvd, Clarksville, IN 47129"
855,Bravo! Italian Kitchen,3.5,137,$$,"206 Bullitt Ln, Louisville, KY 40222"
856,Chick-fil-A,4.0,49,$,"3420 Bardstown Rd, Louisville, KY 40218"
857,Annie May's Sweet Cafe,4.5,87,$,"3110 Frankfort Ave, Louisville, KY 40206"
858,Impellizzeri's Pizza,4.0,113,$$,"4933 Brownsboro Rd, Louisville, KY 40222"
859,The Grain Haus,4.0,3,,"41 W 1st St, New Albany, IN 47150"
860,La Dona,5.0,1,,"1506 Berry Blvd, Louisville, KY 40215"
861,Great Wall,3.5,49,$,"1977 Brownsboro Rd, Louisville, KY 40206"
862,Pina Fiesta Mexican Grill,4.0,75,$$,"7895 Dixie Hwy, Louisville, KY 40258"
863,Taqueria Hernandez,4.5,5,,"215 E 10th St, Jeffersonville, IN 47130"
864,Moby Dick,3.0,10,$,"2700 S 3rd St, Louisville, KY 40208"
865,Double Dragon II,3.0,38,$,"3135 S 2nd St, Louisville, KY 40208"
866,Green District Salads - St. Matthews,4.0,136,$$,"3939 Shelbyville Rd, Louisville, KY 40207"
867,Flanagan's Ale House,3.0,2,,"934 Baxter Ave, Louisville, KY 40204"
868,Annie's Pizza,3.5,15,$,"2520 Portland Ave, Louisville, KY 40212"
869,Norton Women's and Children's Cafeteria,4.0,1,,"4001 Dutchmans Ln, Louisville, KY 40207"
870,Chili's,2.5,62,$$,"600 Terminal Dr, Louisville Muhammad Ali International Airport, Louisville, KY 40209"
871,Moby Dick Seafood Jeffersonville,3.5,20,$,"1700 E 10th St, Jeffersonville, IN 47130"
872,Neighbors Noodles,3.5,3,,"835 E Main St, Ste 105, Louisville, KY 40206"
873,Gerstle's Place,3.0,63,$,"3801 Frankfort Ave, Louisville, KY 40207"
874,Executive Bistro,2.5,5,,"1930 Bishop Ln, Ste 100, Louisville, KY 40218"
875,Applebee's Grill + Bar,2.5,61,$$,"4535 Outer Lp, Louisville, KY 40219"
876,Kentucky Canteen,0.0,0,,"1100 Trevilian Way, Louisville, KY 40213"
877,St Rita Fish Fry,5.0,1,,"8709 Preston Hwy, Louisville, KY 40219"
878,Subway,3.5,11,$,"1250 Bardstown Rd, Ste 18 First Floor, Louisville, KY 40204"
879,Smokey Bones,2.5,183,$$,"2525 Hurstbourne Gem Ln, Jeffersontown, KY 40220"
880,Dino's C-Food & More,4.5,3,,"Louisville, KY 40208"
881,McDonald's,1.5,78,$,"1245 Bardstown Rd, Louisville, KY 40204"
882,Vallarta Taqueria Y Rotiseria,4.0,7,,"7416 Preston Hwy, Louisville, KY 40219"
883,O's Cool Ice Creamery and BBQ,4.0,4,$,"2807 Dixie Hwy, Louisville, KY 40216"
884,BoomBozz Pizza & Watch Bar,4.0,37,$$,"1315 Herr Ln, Ste 101, Louisville, KY 40222"
885,Chow Wagon,4.0,20,$$,"129 E River Rd, Louisville, KY 40202"
886,Sub Station II,4.0,60,$,"3101 Fern Valley Rd, Louisville, KY 40213"
887,Big Moe’s World Famous BBQ,5.0,2,,"Under The Big Four Bridge, 1101 River Rd, Louisville, KY 40206"
888,Jammin Smokehouse,5.0,1,,"Louisville, KY 40216"
889,Bruegger's Bagels,3.5,102,$,"119 Breckenridge Ln, Louisville, KY 40207"
890,Jasmine Asian Bistro,3.5,67,$$,"2420 Lime Kiln Ln, Louisville, KY 40222"
891,Bobbie’s Son Catering,0.0,0,,"317 W Oak St, Louisville, KY 40203"
892,Dave & Buster's - Louisville,2.5,154,$$$,"5000 Shelbyville Rd, Ste D200, Louisville, KY 40207"
893,Mr & Mrs Bs BBQ & Wingz,0.0,0,,"502 Warnock St, Louisville, KY 40217"
894,Hooters,2.5,89,$$,"4120 Dutchman's Ln, Louisville, KY 40207"
895,Smashburger,2.5,206,$,"312 S Fourth St, Louisville, KY 40202"
896,El Rico Taco,3.0,2,,"604 E Spring St New Albany In, New Albany, IN 47150"
897,King Gyros,4.0,16,$,"5000 Shelbyville Rd, Saint Matthews, KY 40207"
898,Olive Garden Italian Restaurant,3.0,83,$$,"4811 R Outer Lp, Louisville, KY 40219"
899,Five Guys,3.5,56,$,"4901 Outer Lp, Louisville, KY 40219"
900,Pizza King,4.0,28,$$,"1701 E 10th St, Jeffersonville, IN 47130"
901,The Fishery,3.5,93,$,"3624 Lexington Rd, Louisville, KY 40207"
902,Hungry Pelican,3.5,65,$$,"5412 Bardstown Rd, Louisville, KY 40291"
903,White Castle,3.0,67,$,"105 E Market St, Louisville, KY 40202"
904,ToGo Sushi,4.5,258,$$,"700 Lyndon Ln, Louisville, KY 40222"
905,Ole Frijole Mexican Restaurant,4.0,65,$$,"5612 Bardstown Rd, Louisville, KY 40291"
906,Louisville Pizza King,2.5,3,,"3505 Taylor Blvd, Louisville, KY 40215"
907,Felipe Mexican Restaurant,4.0,19,,"4000 Dutchmans Ln, Louisville, KY 40207"
908,Lee's Famous Recipe Chicken,3.5,37,$,"2925 Brownsboro Rd, Louisville, KY 40206"
909,Kings Fast Food Chicken,4.0,11,,"1302 Dixie Hwy, Louisville, KY 40210"
910,Krispy Krunchy Chicken - Pacific Food Mart,4.5,2,,"1317 E 10th St, Jeffersonville, IN 47130"
911,Papa Johns Pizza,2.0,36,$,"2336 S Floyd St, Louisville, KY 40208"
912,La Chapinlandia,5.0,1,$,"1209 McCawley Rd, Louisville, KY 40219"
913,Jade Palace Chinese Restaurant,3.5,161,$$,"1109 Herr Ln, Louisville, KY 40222"
914,Diego's Mexican Grill,4.0,7,$,"5000 Shelbyville Rd, Louisville, KY 40207"
915,Spinelli's Pizzeria,3.5,141,$,"4005 Shelbyville Rd, Louisville, KY 40207"
916,El Sinaloense Mexican Restaurant,3.0,2,,"5520 Fern Valley Rd, Ste 115, Louisville, KY 40228"
917,Skyline Chili,3.5,53,$,"4024 Dutchman's Lane, Louisville, KY 40207"
918,Jefferson Mall Food Court Cafe,4.5,3,,"Jefferson Mall Food Court Lp, Louisville, KY 40219"
919,Arby's,2.0,37,$,"2804 Crittenden Dr, Louisville, KY 40209"
920,Red Lobster,3.0,101,$$,"986 Breckenridge Ln, Saint Matthews, KY 40207"
921,O'Charley's Restaurant & Bar,2.5,58,$$,"4404 Dixie Hwy, Shivley, KY 40216"
922,Hooters,2.0,51,$$,"7701 Preston Hwy, Louisville, KY 40219"
923,Amy Z's,3.5,19,$,"813 Lyndon Ln, Louisville, KY 40222"
924,Hot & Fresh Mini Donuts,4.0,1,,"937 Phillips Ln, Louisville, KY 40209"
925,Cheer King Star,3.5,36,$,"231 S 5th St, Louisville, KY 40202"
926,Salsarita's Fresh Mexican Grill,4.0,65,$$,"285 N Hubbards Ln, Louisville, KY 40207"
927,NWCH Bistro,4.0,1,,"4001 Dutchmans Ln, Saint Matthews, KY 40207"
928,Texas Roadhouse,3.5,117,$$,"757 Lewis And Clark Pkwy, Clarksville, IN 47129"
929,Lueberry,3.5,3,,"5500 Shelbyville Rd, Louisville, KY 40207"
930,Taco Bell,2.0,33,$,"1801 South Brook Street, Louisville, KY 40208"
931,Clifton Donut Shop,4.5,87,$,"2317 Brownsboro Ave, Louisville, KY 40206"
932,Penn Station,3.5,16,$$,"2407 A Brownsboro Rd, Louisville, KY 40206"
933,Shiraz Mediterranean Grill,3.5,111,$$,"2226 Holiday Manor, Ste 1, Louisville, KY 40222"
934,Roosters,3.0,121,$$,"5338 Bardstown Rd, Louisville, KY 40291"
935,Krispy Krunchy Chicken,2.5,5,$$,"1610 Dixie Hwy, Louisville, KY 40210"
936,Dank Dogs,0.0,0,,"1132 Bardstown Rd, Louisville, KY 40204"
937,Imanka,3.0,1,,"737 S 8th St, Louisville, KY 40203"
938,Lee's Famous Recipe Chicken,3.5,11,$,"5059 Poplar Level Rd, Louisville, KY 40219"
939,Chick-fil-A,3.5,4,$,"500 S Preston St, Louisville, KY 40202"
940,Jocks Sports Bar & Grill,3.5,29,$$,"3423 Breckenridge Ln, Louisville, KY 40220"
941,Los Aztecas Mexican Restaurant,4.0,47,$$,"1107 Herr Ln, Lyndon, KY 40222"
942,Galan's Meat Market and Deli,2.5,8,,"2801 W Market St, Louisville, KY 40212"
943,Cancun Mexican Restaurant,4.0,66,$$,"808 Lyndon Ln, Ste 105, Louisville, KY 40222"
944,Papa Johns Pizza,3.0,14,$,"2301 Bardstown Rd, Louisville, KY 40205"
945,Angilo's Pizza,3.5,29,$$,"1725 Berry Blvd, Louisville, KY 40215"
946,La Torta Loca,4.0,19,$,"5213 Preston Hwy, Ste C, Louisville, KY 40213"
947,Shiver Me Tenders,0.0,0,,"937 Phillips Ln, Louisville, KY 40209"
948,Chili's,3.0,66,$$,"940 E Lewis And Clark Pkwy, Clarksville, IN 47129"
949,8th Lane Grill,0.0,0,,"1000 Auction Ln, Ste B, Jeffersonville, IN 47130"
950,China Taste,3.0,57,$,"135 Quartermaster Ct, Jeffersonville, IN 47130"
951,Bully Dogs,4.0,1,,"Louisville, KY 40202"
952,W XYZ Bar,3.0,1,,"102 West Main St, Aloft Louisville Downtown, Louisville, KY 40202"
953,WackyNachos,5.0,3,,"2602 Charlestown Rd, New Albany, IN 47150"
954,Tin Roof,3.5,77,$,"3921 Shelbyville Rd, Louisville, KY 40207"
955,Thelma's Deli,2.5,28,$$,"140 N 4th St, Galt House, Louisville, KY 40202"
956,HurriKanes Food Truck,5.0,3,,"Saint Regis Park, KY 40220"
957,Subway,3.0,12,$,"1229 Goss Ave, Louisville, KY 40217"
958,Moby Dick,3.0,22,,"3802 Dixie Hwy, Louisville, KY 40257"
959,Red Lobster,3.5,56,$$,"4639 Outer Lp, In Front Of Jefferson Court Shopping Center, Louisville, KY 40219"
960,Panera Bread,3.0,24,$,"401 E Chestnut Street, Suite 13, Louisville, KY 40202"
961,WW Cousins Restaurant,3.5,194,$$,"900 Dupont Rd, Louisville, KY 40207"
962,Rockin and a Poppin Kettle Corn,5.0,1,,"Louisville, KY"
963,Indi's Fast Food at 3rd Street,3.5,49,$,"5009 S 3rd St, Louisville, KY 40214"
964,Double Dragon II,4.0,26,$$,"9204 Blue Lick Rd, Louisville, KY 40229"
965,Dixie Chicken,3.0,3,,"7802 St Andrews Church Rd, Louisville, KY 40214"
966,Coals Artisan Pizza,3.0,79,$$,"600 Terminal Dr, Louisville, KY 40209"
967,Hurricane Hattie's,0.0,0,,"937 Phillips Ln, Louisville, KY 40209"
968,East China,4.0,21,$$,"5621 Outer Lp, Louisville, KY 40219"
969,Moby Dick Bashford Manor,3.0,17,$,"3613 Bardstown Rd, Louisville, KY 40218"
970,El Nopal,3.5,64,$$,"3945 Taylorsville Rd, Louisville, KY 40220"
971,Popeyes Louisiana Kitchen,2.5,24,$,"5003 Preston Hwy, Louisville, KY 40213"
972,Corner Deil Food,5.0,2,$,"3912 Bardstown Rd, Louisville, KY 40218"
973,The Home Stretch Cafe,4.0,1,,"600 Dr Martin Luther King Pl, Ste 25, Louisville, KY 40202"
974,Denny's,1.5,100,$$,"4030 Dutchman's Ln, Saint Matthews, KY 40207"
975,Addis Abeba Restaurant,5.0,1,,"4750 Bardstown Rd, Louisville, KY 40218"
976,Burger King,1.5,23,$,"2700 Crittenden Dr, Louisville, KY 40209"
977,El Nopal,3.0,68,$$,"5444 New Cut Rd, Louisville, KY 40214"
978,La Sierra Mexican Restaurant,4.0,45,$,"6501 Shepherdsville Rd 107, Ste 107, Louisville, KY 40228"
979,Pizza Place,3.5,71,$$,"2931 Richland Ave, Louisville, KY 40220"
980,Good Belly,4.5,3,,"Louisville, KY 40202"
981,Penn Station East Coast Subs,2.5,20,$,"300 W Woodlawn Ave, Ste 102, Louisville, KY 40214"
982,Get In Your Belly Deli,4.0,8,,"Louisville, KY 40202"
983,Chung King Palace,2.5,30,$,"110 E Market St, Louisville, KY 40202"
984,Louisville Hookah Lounge and Kufiya Cafe,5.0,3,$,"5400 DelMaria Way, Louisville, KY 40291"
985,China Express,5.0,1,,"4946 Poplar Level Rd, Louisville, KY 40219"
986,Mi Preferida 3,4.5,2,,"4752 Bardstown Rd, Louisville, KY 40218"
987,McDonald's,2.0,31,$,"2209 Taylorsville Rd, Louisville, KY 40205"
988,Genji Sushi Bars Louisville,4.0,1,,"4944 Shelbyville Rd, Whole Foods Market, Louisville, KY 40207"
989,Buffalo Wild Wings,2.0,134,$$,"4600 Shelbyville Rd, St. Matthews, KY 40207"
990,KFC,4.0,37,$,"One Arena Plz, KFC Yum! Center, 3n1 First Level - Stand 3.1.3, Louisville, KY 40202"
991,Wick's Pizza Parlor & Pub,0.0,0,,"2301 River Rd, Louisville, KY 40206"
992,Stars Of Louisville,2.5,19,$$,"600 Terminal Dr, Louisville International Airport, Concourse B, Louisville, KY 40209"
993,The Golden Wall,3.0,26,$,"3201 Fern Valley Rd, Louisville, KY 40213"
994,Taqueria La Güerita,5.0,1,,"8717 Westport Rd, Louisville, KY 40242"
995,Slab Daddy's BBQ Catering,5.0,2,,"7403 Fegenbush Ln, Spring Mill, KY 40228"
996,Little Caesars Pizza,1.5,6,$,"3181 S 2nd St, Louisville, KY 40208"
997,McDonald's,1.5,10,$,"520 N 22nd, Louisville, KY 40203"
998,Famous Dave's Bar-B-Que,3.5,112,$$,"8605 Citadel Way, Louisville, KY 40220"
999,Einstein Bros. Bagels,1.5,5,$,"2100 S Floyd St, Louisville, KY 40208"
